id,scraped_at,travel_date,from_city,to_city,departure,arrival,price,driver,rating,seats_available,seats_total,seats_booked
88,2026-06-03T08:54:21.104248,2026-06-03,Hyderabad,Kurnool,09:10,12:40,480.0,N/A,,,3,
89,2026-06-03T08:54:21.104248,2026-06-03,Hyderabad,Kurnool,09:10,12:30,500.0,Pakkira,1.0,,3,
38,2026-06-03T08:53:51.690908,2026-06-03,Hyderabad,Warangal,09:20,11:40,350.0,N/A,,,3,
39,2026-06-03T08:53:51.690908,2026-06-03,Hyderabad,Warangal,09:20,12:40,520.0,Raju,2.3,,3,
1,2026-06-03T08:53:20.684801,2026-06-03,Hyderabad,Vijayawada,09:30,14:00,690.0,Hithesh,4.6,,3,
2,2026-06-03T08:53:20.684801,2026-06-03,Hyderabad,Vijayawada,09:30,13:00,690.0,Instant Booking,,,3,
3,2026-06-03T08:53:20.684801,2026-06-03,Hyderabad,Vijayawada,09:30,14:00,700.0,Taili,0.0,,3,
4,2026-06-03T08:53:20.684801,2026-06-03,Hyderabad,Vijayawada,09:30,14:00,700.0,Rachan,0.0,,3,
5,2026-06-03T08:53:20.684801,2026-06-03,Hyderabad,Vijayawada,09:30,14:50,780.0,Pavan,0.0,,3,
40,2026-06-03T08:53:51.690908,2026-06-03,Hyderabad,Warangal,09:30,12:00,330.0,N/A,,,3,
41,2026-06-03T08:53:51.690908,2026-06-03,Hyderabad,Warangal,09:30,12:00,340.0,N/A,,,3,
42,2026-06-03T08:53:51.690908,2026-06-03,Hyderabad,Warangal,09:30,11:40,440.0,Shiva Kumar,3.3,,3,
43,2026-06-03T08:53:51.690908,2026-06-03,Hyderabad,Warangal,09:30,12:20,450.0,N/A,,,3,
44,2026-06-03T08:53:51.690908,2026-06-03,Hyderabad,Warangal,09:30,11:50,510.0,N/A,,,3,
45,2026-06-03T08:53:51.690908,2026-06-03,Hyderabad,Warangal,09:30,11:50,540.0,N/A,,,3,
90,2026-06-03T08:54:21.104248,2026-06-03,Hyderabad,Kurnool,09:30,12:50,450.0,N/A,,,3,
91,2026-06-03T08:54:21.104248,2026-06-03,Hyderabad,Kurnool,09:30,13:00,550.0,Msreddy,4.8,,3,
46,2026-06-03T08:53:51.690908,2026-06-03,Hyderabad,Warangal,09:40,11:40,300.0,N/A,,,3,
47,2026-06-03T08:53:51.690908,2026-06-03,Hyderabad,Warangal,09:40,12:30,310.0,Bommineni,5.0,,3,
48,2026-06-03T08:53:51.690908,2026-06-03,Hyderabad,Warangal,09:40,13:00,540.0,N/A,,,3,
92,2026-06-03T08:54:21.104248,2026-06-03,Hyderabad,Kurnool,09:40,13:00,480.0,N/A,,,3,
93,2026-06-03T08:54:21.104248,2026-06-03,Hyderabad,Kurnool,09:40,13:10,500.0,Nani,4.1,,3,
6,2026-06-03T08:53:20.684801,2026-06-03,Hyderabad,Vijayawada,09:50,15:10,780.0,Pavan,0.0,,3,
51,2026-06-03T08:53:51.690908,2026-06-03,Hyderabad,Warangal,09:50,12:20,350.0,N/A,,,3,
94,2026-06-03T08:54:21.104248,2026-06-03,Hyderabad,Kurnool,09:50,12:10,450.0,Siva,0.0,,3,
7,2026-06-03T08:53:20.684801,2026-06-03,Hyderabad,Vijayawada,10:00,15:10,650.0,Kanugu,4.0,,3,
8,2026-06-03T08:53:20.684801,2026-06-03,Hyderabad,Vijayawada,10:00,14:30,700.0,Raju,5.0,,3,
9,2026-06-03T08:53:20.684801,2026-06-03,Hyderabad,Vijayawada,10:00,13:30,700.0,Ramesh,5.0,,3,
10,2026-06-03T08:53:20.684801,2026-06-03,Hyderabad,Vijayawada,10:00,15:20,700.0,Salaar,3.8,,3,
11,2026-06-03T08:53:20.684801,2026-06-03,Hyderabad,Vijayawada,10:00,14:30,770.0,Salman,0.0,,3,
12,2026-06-03T08:53:20.684801,2026-06-03,Hyderabad,Vijayawada,10:00,15:20,880.0,Amar,3.7,,3,
13,2026-06-03T08:53:20.684801,2026-06-03,Hyderabad,Vijayawada,10:00,14:00,880.0,Siddi,4.8,,3,
52,2026-06-03T08:53:51.690908,2026-06-03,Hyderabad,Warangal,10:00,12:30,320.0,Sunil,5.0,,3,
53,2026-06-03T08:53:51.690908,2026-06-03,Hyderabad,Warangal,10:00,12:30,330.0,N/A,,,3,
54,2026-06-03T08:53:51.690908,2026-06-03,Hyderabad,Warangal,10:00,12:40,350.0,Anish,3.3,,3,
55,2026-06-03T08:53:51.690908,2026-06-03,Hyderabad,Warangal,10:00,12:00,400.0,Vivek,5.0,,3,
56,2026-06-03T08:53:51.690908,2026-06-03,Hyderabad,Warangal,10:00,12:30,430.0,N/A,,,3,
57,2026-06-03T08:53:51.690908,2026-06-03,Hyderabad,Warangal,10:00,12:00,430.0,Shiva Kumar,3.3,,3,
58,2026-06-03T08:53:51.690908,2026-06-03,Hyderabad,Warangal,10:00,13:10,450.0,N/A,,,3,
59,2026-06-03T08:53:51.690908,2026-06-03,Hyderabad,Warangal,10:00,13:20,540.0,N/A,,,3,
95,2026-06-03T08:54:21.104248,2026-06-03,Hyderabad,Kurnool,10:00,13:30,460.0,Chinna,5.0,,3,
96,2026-06-03T08:54:21.104248,2026-06-03,Hyderabad,Kurnool,10:00,13:30,500.0,N/A,,,3,
97,2026-06-03T08:54:21.104248,2026-06-03,Hyderabad,Kurnool,10:00,13:30,500.0,Shaik,4.8,,3,
100,2026-06-03T08:54:21.104248,2026-06-03,Hyderabad,Kurnool,10:00,12:30,610.0,N/A,,,3,
60,2026-06-03T08:53:51.690908,2026-06-03,Hyderabad,Warangal,10:10,12:40,350.0,N/A,,,3,
61,2026-06-03T08:53:51.690908,2026-06-03,Hyderabad,Warangal,10:10,13:30,520.0,Raju,5.0,,3,
62,2026-06-03T08:53:51.690908,2026-06-03,Hyderabad,Warangal,10:10,12:20,530.0,N/A,,,3,
101,2026-06-03T08:54:21.104248,2026-06-03,Hyderabad,Kurnool,10:10,14:00,550.0,Vinod Reddy,0.0,,3,
14,2026-06-03T08:53:20.684801,2026-06-03,Hyderabad,Vijayawada,10:20,13:40,600.0,Yaseen,5.0,,3,
102,2026-06-03T08:54:21.104248,2026-06-03,Hyderabad,Kurnool,10:20,13:50,500.0,N/A,,,3,
15,2026-06-03T08:53:20.684801,2026-06-03,Hyderabad,Vijayawada,10:30,15:40,700.0,Nagarjuna,1.0,,3,
16,2026-06-03T08:53:20.684801,2026-06-03,Hyderabad,Vijayawada,10:30,15:50,800.0,Ramesh,4.8,,3,
63,2026-06-03T08:53:51.690908,2026-06-03,Hyderabad,Warangal,10:30,13:50,500.0,N/A,,,3,
103,2026-06-03T08:54:21.104248,2026-06-03,Hyderabad,Kurnool,10:30,14:20,480.0,Madhu,3.8,,3,
104,2026-06-03T08:54:21.104248,2026-06-03,Hyderabad,Kurnool,10:30,14:00,490.0,N/A,,,3,
105,2026-06-03T08:54:21.104248,2026-06-03,Hyderabad,Kurnool,10:30,14:00,500.0,N/A,,,3,
106,2026-06-03T08:54:21.104248,2026-06-03,Hyderabad,Kurnool,10:30,14:00,500.0,Shaik,0.0,,3,
108,2026-06-03T08:54:21.104248,2026-06-03,Hyderabad,Kurnool,10:30,14:20,550.0,Shaik Abdul,0.0,,3,
109,2026-06-03T08:54:21.104248,2026-06-03,Hyderabad,Kurnool,10:30,14:20,600.0,Swamy,3.9,,3,
110,2026-06-03T08:54:21.104248,2026-06-03,Hyderabad,Kurnool,10:30,13:10,640.0,N/A,,,3,
64,2026-06-03T08:53:51.690908,2026-06-03,Hyderabad,Warangal,10:40,12:50,510.0,N/A,,,3,
65,2026-06-03T08:53:51.690908,2026-06-03,Hyderabad,Warangal,10:50,13:20,340.0,N/A,,,3,
66,2026-06-03T08:53:51.690908,2026-06-03,Hyderabad,Warangal,10:50,14:10,480.0,N/A,,3.0,3,0.0
111,2026-06-03T08:54:21.104248,2026-06-03,Hyderabad,Kurnool,10:50,13:20,570.0,Ajay,5.0,,3,
17,2026-06-03T08:53:20.684801,2026-06-03,Hyderabad,Vijayawada,11:00,15:50,800.0,Blossom,4.5,,3,
18,2026-06-03T08:53:20.684801,2026-06-03,Hyderabad,Vijayawada,11:00,15:40,800.0,Ravikiran,4.7,,3,
19,2026-06-03T08:53:20.684801,2026-06-03,Hyderabad,Vijayawada,11:00,14:40,840.0,Abhiram,0.0,,3,
67,2026-06-03T08:53:51.690908,2026-06-03,Hyderabad,Warangal,11:00,14:00,350.0,N/A,,,3,
68,2026-06-03T08:53:51.690908,2026-06-03,Hyderabad,Warangal,11:00,13:30,430.0,N/A,,,3,
69,2026-06-03T08:53:51.690908,2026-06-03,Hyderabad,Warangal,11:00,14:50,500.0,N/A,,,3,
112,2026-06-03T08:54:21.104248,2026-06-03,Hyderabad,Kurnool,11:00,14:30,500.0,Shaik,4.8,,3,
113,2026-06-03T08:54:21.104248,2026-06-03,Hyderabad,Kurnool,11:00,14:30,500.0,N/A,,,3,
114,2026-06-03T08:54:21.104248,2026-06-03,Hyderabad,Kurnool,11:00,13:30,550.0,Vikas,5.0,,3,
115,2026-06-03T08:54:21.104248,2026-06-03,Hyderabad,Kurnool,11:00,13:40,740.0,Raj,4.7,,3,
70,2026-06-03T08:53:51.690908,2026-06-03,Hyderabad,Warangal,11:10,14:20,550.0,Swetha,4.4,,3,
116,2026-06-03T08:54:21.104248,2026-06-03,Hyderabad,Kurnool,11:10,14:40,480.0,N/A,,,3,
117,2026-06-03T08:54:21.104248,2026-06-03,Hyderabad,Kurnool,11:10,14:40,500.0,Vinod Reddy,0.0,,3,
20,2026-06-03T08:53:20.684801,2026-06-03,Hyderabad,Vijayawada,11:30,16:10,600.0,Naga,4.6,,3,
21,2026-06-03T08:53:20.684801,2026-06-03,Hyderabad,Vijayawada,11:30,16:20,600.0,Anem,5.0,,3,
22,2026-06-03T08:53:20.684801,2026-06-03,Hyderabad,Vijayawada,11:30,16:00,770.0,Instant Booking,,,3,
71,2026-06-03T08:53:51.690908,2026-06-03,Hyderabad,Warangal,11:30,13:30,430.0,Eshwar,5.0,,3,
72,2026-06-03T08:53:51.690908,2026-06-03,Hyderabad,Warangal,11:30,15:30,550.0,Renuka,4.5,,3,
73,2026-06-03T08:53:51.690908,2026-06-03,Hyderabad,Warangal,11:30,14:40,550.0,N/A,,,3,
74,2026-06-03T08:53:51.690908,2026-06-03,Hyderabad,Warangal,11:30,14:40,560.0,N/A,,1.0,3,2.0
118,2026-06-03T08:54:21.104248,2026-06-03,Hyderabad,Kurnool,11:30,15:00,500.0,Ramanjanaeyulu,4.5,,3,
119,2026-06-03T08:54:21.104248,2026-06-03,Hyderabad,Kurnool,11:30,14:10,580.0,Vinod,0.0,,3,
75,2026-06-03T08:53:51.690908,2026-06-03,Hyderabad,Warangal,11:40,14:50,550.0,Swetha,4.4,,3,
76,2026-06-03T08:53:51.690908,2026-06-03,Hyderabad,Warangal,11:50,15:10,450.0,N/A,,1.0,3,2.0
23,2026-06-03T08:53:20.684801,2026-06-03,Hyderabad,Vijayawada,12:00,17:20,840.0,Amar,3.7,,3,
77,2026-06-03T08:53:51.690908,2026-06-03,Hyderabad,Warangal,12:00,14:30,400.0,N/A,,,3,
78,2026-06-03T08:53:51.690908,2026-06-03,Hyderabad,Warangal,12:00,13:50,430.0,N/A,,,3,
80,2026-06-03T08:53:51.690908,2026-06-03,Hyderabad,Warangal,12:00,14:40,450.0,Viswateja,0.0,,3,
120,2026-06-03T08:54:21.104248,2026-06-03,Hyderabad,Kurnool,12:00,15:40,550.0,N/A,,,3,
121,2026-06-03T08:54:21.104248,2026-06-03,Hyderabad,Kurnool,12:00,14:30,620.0,N/A,,,3,
81,2026-06-03T08:53:51.690908,2026-06-03,Hyderabad,Warangal,12:10,14:40,400.0,N/A,,,3,
123,2026-06-03T08:54:21.104248,2026-06-03,Hyderabad,Kurnool,12:10,15:40,500.0,N/A,,,3,
125,2026-06-03T08:54:21.104248,2026-06-03,Hyderabad,Kurnool,12:10,14:30,510.0,Sai,4.6,,3,
24,2026-06-03T08:53:20.684801,2026-06-03,Hyderabad,Vijayawada,12:30,17:20,690.0,N/A,,,3,
82,2026-06-03T08:53:51.690908,2026-06-03,Hyderabad,Warangal,12:30,15:00,400.0,N/A,,,3,
83,2026-06-03T08:53:51.690908,2026-06-03,Hyderabad,Warangal,12:30,16:20,500.0,N/A,,,3,
126,2026-06-03T08:54:21.104248,2026-06-03,Hyderabad,Kurnool,12:30,15:10,550.0,Mohammed,5.0,,3,
127,2026-06-03T08:54:21.104248,2026-06-03,Hyderabad,Kurnool,12:30,15:00,600.0,N/A,,,3,
128,2026-06-03T08:54:21.104248,2026-06-03,Hyderabad,Kurnool,12:30,15:20,650.0,N/A,,,3,
25,2026-06-03T08:53:20.684801,2026-06-03,Hyderabad,Vijayawada,12:50,17:10,710.0,Satish,4.5,,3,
26,2026-06-03T08:53:20.684801,2026-06-03,Hyderabad,Vijayawada,13:00,16:30,530.0,N/A,,,3,
27,2026-06-03T08:53:20.684801,2026-06-03,Hyderabad,Vijayawada,13:00,17:50,840.0,N/A,,,3,
84,2026-06-03T08:53:51.690908,2026-06-03,Hyderabad,Warangal,13:00,16:50,500.0,N/A,,,3,
129,2026-06-03T08:54:21.104248,2026-06-03,Hyderabad,Kurnool,13:00,16:30,500.0,N/A,,,3,
130,2026-06-03T08:54:21.104248,2026-06-03,Hyderabad,Kurnool,13:00,16:30,550.0,Vikram,4.2,,3,
131,2026-06-03T08:54:21.104248,2026-06-03,Hyderabad,Kurnool,13:00,15:40,620.0,N/A,,,3,
132,2026-06-03T08:54:21.104248,2026-06-03,Hyderabad,Kurnool,13:00,15:40,630.0,Ejaz,2.4,,3,
133,2026-06-03T08:54:21.104248,2026-06-03,Hyderabad,Kurnool,13:00,15:50,650.0,Manohar,4.0,,3,
86,2026-06-03T08:53:51.690908,2026-06-03,Hyderabad,Warangal,13:20,16:40,450.0,N/A,,,3,
28,2026-06-03T08:53:20.684801,2026-06-03,Hyderabad,Vijayawada,13:30,18:00,720.0,N/A,,,3,
29,2026-06-03T08:53:20.684801,2026-06-03,Hyderabad,Vijayawada,13:30,18:10,750.0,Charan,5.0,,3,
87,2026-06-03T08:53:51.690908,2026-06-03,Hyderabad,Warangal,13:30,17:10,550.0,Teju,4.5,,3,
134,2026-06-03T08:54:21.104248,2026-06-03,Hyderabad,Kurnool,13:30,16:10,650.0,N/A,,,3,
135,2026-06-03T08:54:21.104248,2026-06-03,Hyderabad,Kurnool,13:40,17:10,500.0,Yogi,0.0,,3,
136,2026-06-03T08:54:21.104248,2026-06-03,Hyderabad,Kurnool,13:50,17:20,480.0,N/A,,,3,
30,2026-06-03T08:53:20.684801,2026-06-03,Hyderabad,Vijayawada,14:00,19:20,750.0,Karthik,4.6,,3,
31,2026-06-03T08:53:20.684801,2026-06-03,Hyderabad,Vijayawada,14:20,19:30,650.0,Fawwaz,4.6,,3,
32,2026-06-03T08:53:20.684801,2026-06-03,Hyderabad,Vijayawada,14:30,19:30,860.0,N/A,,,3,
33,2026-06-03T08:53:20.684801,2026-06-03,Hyderabad,Vijayawada,15:00,18:10,550.0,N/A,,,3,
34,2026-06-03T08:53:20.684801,2026-06-03,Hyderabad,Vijayawada,15:00,20:20,680.0,Bandi Lohith,3.0,,3,
35,2026-06-03T08:53:20.684801,2026-06-03,Hyderabad,Vijayawada,15:00,19:50,800.0,Blossom,4.5,,3,
36,2026-06-03T08:53:20.684801,2026-06-03,Hyderabad,Vijayawada,15:30,20:50,800.0,Bharath,4.4,,3,
37,2026-06-03T08:53:20.684801,2026-06-03,Hyderabad,Vijayawada,16:00,20:30,580.0,Saiman,4.8,,3,
220,2026-06-03T08:55:41.541668,2026-06-03,Kurnool,Hyderabad,09:30,12:10,630.0,Vijay,2.0,,3,
221,2026-06-03T08:55:41.541668,2026-06-03,Kurnool,Hyderabad,10:00,13:50,470.0,N/A,,,3,
222,2026-06-03T08:55:41.541668,2026-06-03,Kurnool,Hyderabad,10:00,13:40,500.0,Bunny,3.7,,3,
223,2026-06-03T08:55:41.541668,2026-06-03,Kurnool,Hyderabad,10:00,13:40,500.0,Vg Reddy,3.6,,3,
224,2026-06-03T08:55:41.541668,2026-06-03,Kurnool,Hyderabad,10:00,15:20,500.0,Chiru,0.0,,3,
225,2026-06-03T08:55:41.541668,2026-06-03,Kurnool,Hyderabad,10:00,13:30,500.0,Madhubabu,3.2,,3,
226,2026-06-03T08:55:41.541668,2026-06-03,Kurnool,Hyderabad,10:00,13:50,550.0,Dhanunjay,4.7,,3,
227,2026-06-03T08:55:41.541668,2026-06-03,Kurnool,Hyderabad,10:00,13:30,600.0,Raj,5.0,,3,
228,2026-06-03T08:55:41.541668,2026-06-03,Kurnool,Hyderabad,10:10,14:00,600.0,Ajay,4.3,,3,
229,2026-06-03T08:55:41.541668,2026-06-03,Kurnool,Hyderabad,10:30,14:20,480.0,Rahul,4.7,,3,
230,2026-06-03T08:55:41.541668,2026-06-03,Kurnool,Hyderabad,10:40,14:10,600.0,Deva,0.0,,3,
231,2026-06-03T08:55:41.541668,2026-06-03,Kurnool,Hyderabad,10:50,13:30,560.0,Pasupula,5.0,,3,
232,2026-06-03T08:55:41.541668,2026-06-03,Kurnool,Hyderabad,11:00,14:30,490.0,Mohan,4.5,,3,
233,2026-06-03T08:55:41.541668,2026-06-03,Kurnool,Hyderabad,11:10,14:50,500.0,Anil Kumar,3.9,,3,
234,2026-06-03T08:55:41.541668,2026-06-03,Kurnool,Hyderabad,11:30,14:00,500.0,Kck Mudhiraj,4.4,,3,
235,2026-06-03T08:55:41.541668,2026-06-03,Kurnool,Hyderabad,12:00,15:40,600.0,Sunny,5.0,,3,
236,2026-06-03T08:55:41.541668,2026-06-03,Kurnool,Hyderabad,13:10,17:10,530.0,N/A,,,3,
237,2026-06-03T08:55:41.541668,2026-06-03,Kurnool,Hyderabad,14:00,17:30,500.0,Khadir,3.9,,3,
238,2026-06-03T08:55:41.541668,2026-06-03,Kurnool,Hyderabad,14:00,17:40,500.0,Sampath,4.7,,3,
239,2026-06-03T08:55:41.541668,2026-06-03,Kurnool,Hyderabad,15:00,18:40,500.0,Shaik,4.0,,3,
240,2026-06-03T08:55:41.541668,2026-06-03,Kurnool,Hyderabad,15:00,17:20,590.0,Challa,4.0,,3,
241,2026-06-03T08:55:41.541668,2026-06-03,Kurnool,Hyderabad,15:10,17:50,600.0,Ruhan,5.0,,3,
242,2026-06-03T08:55:41.541668,2026-06-03,Kurnool,Hyderabad,16:00,18:50,600.0,Shreyas,4.9,,3,
243,2026-06-03T08:55:41.541668,2026-06-03,Kurnool,Hyderabad,16:40,19:10,570.0,N/A,,,3,
244,2026-06-03T08:55:41.541668,2026-06-03,Kurnool,Hyderabad,16:50,19:30,620.0,N/A,,,3,
245,2026-06-03T08:55:41.541668,2026-06-03,Kurnool,Hyderabad,17:30,21:00,500.0,Khan,4.2,,3,
246,2026-06-03T08:55:41.541668,2026-06-03,Kurnool,Hyderabad,17:50,20:20,590.0,N/A,,,3,
247,2026-06-03T08:55:41.541668,2026-06-03,Kurnool,Hyderabad,18:30,21:00,630.0,Manjunath,4.9,,3,
248,2026-06-03T08:55:41.541668,2026-06-03,Kurnool,Hyderabad,18:50,21:20,620.0,Chandra,3.7,,3,
249,2026-06-03T08:55:41.541668,2026-06-03,Kurnool,Hyderabad,18:50,21:20,680.0,Shafi,4.1,,3,
250,2026-06-03T08:55:41.541668,2026-06-03,Kurnool,Hyderabad,19:00,21:20,590.0,Instant Booking,,,3,
251,2026-06-03T08:55:41.541668,2026-06-03,Kurnool,Hyderabad,19:30,22:00,550.0,N/A,,,3,
252,2026-06-03T08:55:41.541668,2026-06-03,Kurnool,Hyderabad,19:50,22:20,630.0,Boom,4.5,,3,
253,2026-06-03T08:55:41.541668,2026-06-03,Kurnool,Hyderabad,20:50,23:10,650.0,Jaya,4.8,,3,
254,2026-06-03T08:55:41.541668,2026-06-03,Kurnool,Hyderabad,21:00,00:00,400.0,Jagan,0.0,,3,
255,2026-06-03T08:55:41.541668,2026-06-03,Kurnool,Hyderabad,21:00,23:30,630.0,Jaya,4.8,,3,
137,2026-06-03T08:54:47.893234,2026-06-03,Vijayawada,Hyderabad,09:10,12:00,500.0,Baji,4.1,,3,
138,2026-06-03T08:54:47.893234,2026-06-03,Vijayawada,Hyderabad,09:10,14:50,820.0,N/A,,,3,
139,2026-06-03T08:54:47.893234,2026-06-03,Vijayawada,Hyderabad,09:30,14:00,650.0,Buvi,0.0,,3,
140,2026-06-03T08:54:47.893234,2026-06-03,Vijayawada,Hyderabad,09:30,15:10,720.0,Vijay Krishna,0.0,,3,
141,2026-06-03T08:54:47.893234,2026-06-03,Vijayawada,Hyderabad,09:30,15:10,750.0,Prasad,4.6,,3,
142,2026-06-03T08:54:47.893234,2026-06-03,Vijayawada,Hyderabad,10:20,14:50,600.0,Pandu,4.5,,3,
143,2026-06-03T08:54:47.893234,2026-06-03,Vijayawada,Hyderabad,10:30,15:00,700.0,Khadher,0.0,,3,
144,2026-06-03T08:54:47.893234,2026-06-03,Vijayawada,Hyderabad,11:00,15:50,700.0,Kadar,0.0,,3,
145,2026-06-03T08:54:47.893234,2026-06-03,Vijayawada,Hyderabad,11:00,15:50,750.0,Hariprasad,4.5,,3,
146,2026-06-03T08:54:47.893234,2026-06-03,Vijayawada,Hyderabad,11:30,14:50,750.0,Santosh,3.9,,3,
147,2026-06-03T08:54:47.893234,2026-06-03,Vijayawada,Hyderabad,11:50,16:20,550.0,Rajesh,3.0,,3,
148,2026-06-03T08:54:47.893234,2026-06-03,Vijayawada,Hyderabad,12:20,16:50,750.0,Santosh,3.9,,3,
149,2026-06-03T08:54:47.893234,2026-06-03,Vijayawada,Hyderabad,12:50,17:20,750.0,Srinu,4.3,,3,
150,2026-06-03T08:54:47.893234,2026-06-03,Vijayawada,Hyderabad,13:00,16:30,600.0,Rajesh,0.0,,3,
151,2026-06-03T08:54:47.893234,2026-06-03,Vijayawada,Hyderabad,13:00,18:50,850.0,Pradeep,4.0,,3,
152,2026-06-03T08:54:47.893234,2026-06-03,Vijayawada,Hyderabad,14:00,18:30,590.0,Prem,3.7,,3,
153,2026-06-03T08:54:47.893234,2026-06-03,Vijayawada,Hyderabad,14:00,17:30,720.0,Ravi,4.8,,3,
154,2026-06-03T08:54:47.893234,2026-06-03,Vijayawada,Hyderabad,14:00,17:30,750.0,Sairam,0.0,,3,
155,2026-06-03T08:54:47.893234,2026-06-03,Vijayawada,Hyderabad,14:10,18:00,800.0,Sunny,0.0,,3,
156,2026-06-03T08:54:47.893234,2026-06-03,Vijayawada,Hyderabad,14:30,18:40,850.0,Praveen,5.0,,3,
157,2026-06-03T08:54:47.893234,2026-06-03,Vijayawada,Hyderabad,15:00,19:30,690.0,Hithesh,4.6,,3,
158,2026-06-03T08:54:47.893234,2026-06-03,Vijayawada,Hyderabad,15:00,20:30,700.0,Viswanadham,4.8,,3,
159,2026-06-03T08:54:47.893234,2026-06-03,Vijayawada,Hyderabad,15:00,20:10,700.0,Anil,5.0,,3,
160,2026-06-03T08:54:47.893234,2026-06-03,Vijayawada,Hyderabad,15:10,18:50,730.0,N/A,,,3,
161,2026-06-03T08:54:47.893234,2026-06-03,Vijayawada,Hyderabad,15:40,19:40,700.0,N/A,,,3,
162,2026-06-03T08:54:47.893234,2026-06-03,Vijayawada,Hyderabad,15:50,19:50,750.0,Sai,5.0,,3,
163,2026-06-03T08:54:47.893234,2026-06-03,Vijayawada,Hyderabad,16:00,20:40,600.0,N/A,,,3,
164,2026-06-03T08:54:47.893234,2026-06-03,Vijayawada,Hyderabad,16:00,21:20,800.0,N/A,,,3,
165,2026-06-03T08:54:47.893234,2026-06-03,Vijayawada,Hyderabad,16:00,21:30,840.0,Pavan,0.0,,3,
166,2026-06-03T08:54:47.893234,2026-06-03,Vijayawada,Hyderabad,16:20,20:20,800.0,N/A,,,3,
167,2026-06-03T08:54:47.893234,2026-06-03,Vijayawada,Hyderabad,16:30,23:10,900.0,Sudheer,4.9,,3,
168,2026-06-03T08:54:47.893234,2026-06-03,Vijayawada,Hyderabad,17:00,23:00,650.0,Raj,4.8,,3,
169,2026-06-03T08:54:47.893234,2026-06-03,Vijayawada,Hyderabad,17:00,22:30,680.0,Instant Booking,,,3,
170,2026-06-03T08:54:47.893234,2026-06-03,Vijayawada,Hyderabad,17:00,21:30,700.0,Durga Prasad,0.0,,3,
171,2026-06-03T08:54:47.893234,2026-06-03,Vijayawada,Hyderabad,17:00,22:20,800.0,Ramesh,4.8,,3,
172,2026-06-03T08:54:47.893234,2026-06-03,Vijayawada,Hyderabad,17:00,23:40,900.0,Sudheer,4.9,,3,
173,2026-06-03T08:54:47.893234,2026-06-03,Vijayawada,Hyderabad,17:30,22:40,850.0,Abhishek,4.6,,3,
174,2026-06-03T08:54:47.893234,2026-06-03,Vijayawada,Hyderabad,18:00,22:30,580.0,Phanindra,4.9,,3,
175,2026-06-03T08:54:47.893234,2026-06-03,Vijayawada,Hyderabad,18:20,22:30,850.0,Suresh,4.0,,3,
176,2026-06-03T08:54:47.893234,2026-06-03,Vijayawada,Hyderabad,18:30,22:20,650.0,N/A,,,3,
177,2026-06-03T08:54:47.893234,2026-06-03,Vijayawada,Hyderabad,18:30,22:20,780.0,Balu,0.0,,3,
178,2026-06-03T08:54:47.893234,2026-06-03,Vijayawada,Hyderabad,19:00,23:40,600.0,Kotakonda,0.0,,3,
179,2026-06-03T08:54:47.893234,2026-06-03,Vijayawada,Hyderabad,19:00,00:20,680.0,Ch,4.9,,3,
180,2026-06-03T08:54:47.893234,2026-06-03,Vijayawada,Hyderabad,19:00,23:10,760.0,N/A,,,3,
181,2026-06-03T08:54:47.893234,2026-06-03,Vijayawada,Hyderabad,19:00,00:30,800.0,Likith,4.8,,3,
182,2026-06-03T08:54:47.893234,2026-06-03,Vijayawada,Hyderabad,20:00,01:10,700.0,Manohar,4.8,,3,
183,2026-06-03T08:54:47.893234,2026-06-03,Vijayawada,Hyderabad,20:00,00:40,750.0,Charan,5.0,,3,
184,2026-06-03T08:55:09.739044,2026-06-03,Warangal,Hyderabad,09:10,11:50,350.0,Ram,3.7,,3,
185,2026-06-03T08:55:09.739044,2026-06-03,Warangal,Hyderabad,09:30,12:10,350.0,Siva Reddy,4.4,,3,
186,2026-06-03T08:55:09.739044,2026-06-03,Warangal,Hyderabad,09:30,12:10,350.0,Steven,4.0,,3,
187,2026-06-03T08:55:09.739044,2026-06-03,Warangal,Hyderabad,09:30,12:10,360.0,Dumpala,2.9,,3,
189,2026-06-03T08:55:09.739044,2026-06-03,Warangal,Hyderabad,09:30,13:00,380.0,Vinay,0.0,,3,
190,2026-06-03T08:55:09.739044,2026-06-03,Warangal,Hyderabad,09:30,11:40,390.0,N/A,,1.0,3,2.0
191,2026-06-03T08:55:09.739044,2026-06-03,Warangal,Hyderabad,09:30,11:20,440.0,Arun,3.5,,3,
192,2026-06-03T08:55:09.739044,2026-06-03,Warangal,Hyderabad,09:30,13:00,510.0,Sandeep,3.3,,3,
193,2026-06-03T08:55:09.739044,2026-06-03,Warangal,Hyderabad,10:00,12:10,340.0,Anvesh,5.0,,3,
194,2026-06-03T08:55:09.739044,2026-06-03,Warangal,Hyderabad,10:00,13:30,350.0,Abhi Ram,4.0,,3,
195,2026-06-03T08:55:09.739044,2026-06-03,Warangal,Hyderabad,10:00,12:40,350.0,Siva Reddy,4.4,,3,
196,2026-06-03T08:55:09.739044,2026-06-03,Warangal,Hyderabad,10:00,12:40,350.0,Krishna,4.6,,3,
197,2026-06-03T08:55:09.739044,2026-06-03,Warangal,Hyderabad,10:00,13:40,350.0,N/A,,,3,
198,2026-06-03T08:55:09.739044,2026-06-03,Warangal,Hyderabad,10:00,13:20,550.0,N/A,,,3,
199,2026-06-03T08:55:09.739044,2026-06-03,Warangal,Hyderabad,10:20,13:40,550.0,N/A,,,3,
200,2026-06-03T08:55:09.739044,2026-06-03,Warangal,Hyderabad,10:30,13:10,300.0,Ram,4.7,,3,
201,2026-06-03T08:55:09.739044,2026-06-03,Warangal,Hyderabad,10:30,13:10,350.0,Instant Booking,,,3,
202,2026-06-03T08:55:09.739044,2026-06-03,Warangal,Hyderabad,10:30,13:00,350.0,Krishna,0.0,,3,
203,2026-06-03T08:55:09.739044,2026-06-03,Warangal,Hyderabad,10:30,13:10,380.0,Vellurie,4.5,,3,
204,2026-06-03T08:55:09.739044,2026-06-03,Warangal,Hyderabad,10:30,13:10,400.0,Siva Reddy,4.4,,3,
205,2026-06-03T08:55:09.739044,2026-06-03,Warangal,Hyderabad,11:00,13:30,320.0,Shivakrishna,0.0,,3,
206,2026-06-03T08:55:09.739044,2026-06-03,Warangal,Hyderabad,11:00,13:40,340.0,Inaganti Rohit,0.0,,3,
207,2026-06-03T08:55:09.739044,2026-06-03,Warangal,Hyderabad,11:00,14:00,500.0,Rajender,4.8,,3,
208,2026-06-03T08:55:09.739044,2026-06-03,Warangal,Hyderabad,11:30,14:00,320.0,Shivakrishna,0.0,,3,
209,2026-06-03T08:55:09.739044,2026-06-03,Warangal,Hyderabad,11:30,14:30,500.0,Rajender,4.8,,3,
210,2026-06-03T08:55:09.739044,2026-06-03,Warangal,Hyderabad,11:30,13:40,500.0,Raju,4.9,,3,
211,2026-06-03T08:55:09.739044,2026-06-03,Warangal,Hyderabad,11:50,14:20,320.0,Shivakrishna,0.0,,3,
212,2026-06-03T08:55:09.739044,2026-06-03,Warangal,Hyderabad,11:50,14:20,330.0,Thirupathi Reddi,5.0,,3,
213,2026-06-03T08:55:09.739044,2026-06-03,Warangal,Hyderabad,12:00,15:00,500.0,N/A,,,3,
214,2026-06-03T08:55:09.739044,2026-06-03,Warangal,Hyderabad,12:10,14:00,380.0,Chouhan,4.4,,3,
215,2026-06-03T08:55:09.739044,2026-06-03,Warangal,Hyderabad,12:10,14:00,400.0,Sai,0.0,,3,
216,2026-06-03T08:55:09.739044,2026-06-03,Warangal,Hyderabad,12:30,15:10,350.0,Elukati,2.5,,3,
217,2026-06-03T08:55:09.739044,2026-06-03,Warangal,Hyderabad,12:30,15:50,500.0,N/A,,,3,
218,2026-06-03T08:55:09.739044,2026-06-03,Warangal,Hyderabad,13:30,15:20,400.0,Dasari,0.0,,3,
219,2026-06-03T08:55:09.739044,2026-06-03,Warangal,Hyderabad,13:30,16:50,550.0,N/A,,,3,
256,2026-06-04T09:07:36.264626,2026-06-04,Hyderabad,Vijayawada,09:30,14:00,600.0,Venkatesh,4.0,,3,
257,2026-06-04T09:07:36.264626,2026-06-04,Hyderabad,Vijayawada,09:30,13:50,620.0,Balu,0.0,,3,
258,2026-06-04T09:07:36.264626,2026-06-04,Hyderabad,Vijayawada,09:30,14:00,650.0,Rachan,0.0,,3,
259,2026-06-04T09:07:36.264626,2026-06-04,Hyderabad,Vijayawada,09:30,14:00,700.0,Venkatesh,3.7,,3,
260,2026-06-04T09:07:36.264626,2026-06-04,Hyderabad,Vijayawada,09:30,14:00,700.0,Yuvaraj,4.9,,3,
294,2026-06-04T09:08:01.968140,2026-06-04,Hyderabad,Warangal,09:30,12:00,350.0,N/A,,,3,
296,2026-06-04T09:08:01.968140,2026-06-04,Hyderabad,Warangal,09:30,11:40,440.0,Shiva Kumar,3.3,,3,
297,2026-06-04T09:08:01.968140,2026-06-04,Hyderabad,Warangal,09:30,11:50,500.0,N/A,,,3,
298,2026-06-04T09:08:01.968140,2026-06-04,Hyderabad,Warangal,09:30,11:50,540.0,N/A,,,3,
342,2026-06-04T09:08:27.593453,2026-06-04,Hyderabad,Kurnool,09:30,12:10,740.0,Bharath,0.0,,3,
261,2026-06-04T09:07:36.264626,2026-06-04,Hyderabad,Vijayawada,09:40,14:10,700.0,Suresh,4.0,,3,
299,2026-06-04T09:08:01.968140,2026-06-04,Hyderabad,Warangal,09:40,12:50,560.0,N/A,,,3,
300,2026-06-04T09:08:01.968140,2026-06-04,Hyderabad,Warangal,09:50,12:10,540.0,N/A,,,3,
343,2026-06-04T09:08:27.593453,2026-06-04,Hyderabad,Kurnool,09:50,14:40,600.0,Shaik,4.0,,3,
262,2026-06-04T09:07:36.264626,2026-06-04,Hyderabad,Vijayawada,10:00,13:40,600.0,N/A,,,3,
263,2026-06-04T09:07:36.264626,2026-06-04,Hyderabad,Vijayawada,10:00,14:30,670.0,Gunji,5.0,,3,
264,2026-06-04T09:07:36.264626,2026-06-04,Hyderabad,Vijayawada,10:00,13:30,690.0,Instant Booking,,,3,
265,2026-06-04T09:07:36.264626,2026-06-04,Hyderabad,Vijayawada,10:00,14:30,700.0,Venkatesh,3.7,,3,
266,2026-06-04T09:07:36.264626,2026-06-04,Hyderabad,Vijayawada,10:00,15:10,700.0,Nagarjuna,1.0,,3,
267,2026-06-04T09:07:36.264626,2026-06-04,Hyderabad,Vijayawada,10:00,15:10,700.0,Kanugu,4.0,,3,
268,2026-06-04T09:07:36.264626,2026-06-04,Hyderabad,Vijayawada,10:00,15:20,750.0,Ramesh,4.8,,3,
269,2026-06-04T09:07:36.264626,2026-06-04,Hyderabad,Vijayawada,10:00,16:10,780.0,Tella Indra,0.0,,3,
270,2026-06-04T09:07:36.264626,2026-06-04,Hyderabad,Vijayawada,10:00,13:30,780.0,N/A,,,3,
271,2026-06-04T09:07:36.264626,2026-06-04,Hyderabad,Vijayawada,10:00,15:20,800.0,Vamshi,5.0,,3,
272,2026-06-04T09:07:36.264626,2026-06-04,Hyderabad,Vijayawada,10:00,14:10,840.0,Swamy,0.0,,3,
273,2026-06-04T09:07:36.264626,2026-06-04,Hyderabad,Vijayawada,10:00,16:20,950.0,N/A,,,3,
301,2026-06-04T09:08:01.968140,2026-06-04,Hyderabad,Warangal,10:00,11:50,310.0,Bhanu Prakash,0.0,,3,
302,2026-06-04T09:08:01.968140,2026-06-04,Hyderabad,Warangal,10:00,11:50,350.0,N/A,,,3,
303,2026-06-04T09:08:01.968140,2026-06-04,Hyderabad,Warangal,10:00,12:40,400.0,N/A,,,3,
304,2026-06-04T09:08:01.968140,2026-06-04,Hyderabad,Warangal,10:00,12:00,430.0,Shiva Kumar,3.3,,3,
305,2026-06-04T09:08:01.968140,2026-06-04,Hyderabad,Warangal,10:00,13:10,490.0,N/A,,,3,
306,2026-06-04T09:08:01.968140,2026-06-04,Hyderabad,Warangal,10:00,12:30,500.0,N/A,,,3,
307,2026-06-04T09:08:01.968140,2026-06-04,Hyderabad,Warangal,10:00,13:10,540.0,N/A,,,3,
308,2026-06-04T09:08:01.968140,2026-06-04,Hyderabad,Warangal,10:00,13:50,600.0,N/A,,,3,
344,2026-06-04T09:08:27.593453,2026-06-04,Hyderabad,Kurnool,10:00,13:40,520.0,Pavan,4.7,,3,
345,2026-06-04T09:08:27.593453,2026-06-04,Hyderabad,Kurnool,10:00,12:50,600.0,N/A,,,3,
309,2026-06-04T09:08:01.968140,2026-06-04,Hyderabad,Warangal,10:10,13:30,520.0,Raju,5.0,,3,
310,2026-06-04T09:08:01.968140,2026-06-04,Hyderabad,Warangal,10:10,13:20,550.0,Prakash,5.0,,3,
346,2026-06-04T09:08:27.593453,2026-06-04,Hyderabad,Kurnool,10:10,14:00,550.0,Naveen,3.5,,3,
347,2026-06-04T09:08:27.593453,2026-06-04,Hyderabad,Kurnool,10:10,13:40,600.0,Sekhar,4.9,,3,
348,2026-06-04T09:08:27.593453,2026-06-04,Hyderabad,Kurnool,10:20,13:50,500.0,N/A,,,3,
350,2026-06-04T09:08:27.593453,2026-06-04,Hyderabad,Kurnool,10:20,13:50,550.0,Althaf,0.0,,3,
274,2026-06-04T09:07:36.264626,2026-06-04,Hyderabad,Vijayawada,10:30,14:00,780.0,N/A,,,3,
275,2026-06-04T09:07:36.264626,2026-06-04,Hyderabad,Vijayawada,10:30,15:50,850.0,Pavan,5.0,,3,
311,2026-06-04T09:08:01.968140,2026-06-04,Hyderabad,Warangal,10:30,13:00,430.0,N/A,,,3,
312,2026-06-04T09:08:01.968140,2026-06-04,Hyderabad,Warangal,10:30,13:40,560.0,N/A,,,3,
313,2026-06-04T09:08:01.968140,2026-06-04,Hyderabad,Warangal,10:30,13:00,590.0,Eshwar,5.0,,3,
314,2026-06-04T09:08:01.968140,2026-06-04,Hyderabad,Warangal,10:30,13:00,600.0,Sampath,4.4,,3,
351,2026-06-04T09:08:27.593453,2026-06-04,Hyderabad,Kurnool,10:30,13:10,450.0,N/A,,,3,
352,2026-06-04T09:08:27.593453,2026-06-04,Hyderabad,Kurnool,10:30,14:00,500.0,N/A,,,3,
353,2026-06-04T09:08:27.593453,2026-06-04,Hyderabad,Kurnool,10:30,14:00,550.0,Diwakar Reddy,4.0,,3,
354,2026-06-04T09:08:27.593453,2026-06-04,Hyderabad,Kurnool,10:40,14:20,500.0,Gaffar,4.9,,3,
355,2026-06-04T09:08:27.593453,2026-06-04,Hyderabad,Kurnool,10:40,14:30,550.0,Dhana Reddy,4.7,,3,
276,2026-06-04T09:07:36.264626,2026-06-04,Hyderabad,Vijayawada,10:50,17:20,700.0,Kirankumar,5.0,,3,
277,2026-06-04T09:07:36.264626,2026-06-04,Hyderabad,Vijayawada,11:00,14:30,630.0,Yaseen,5.0,,3,
278,2026-06-04T09:07:36.264626,2026-06-04,Hyderabad,Vijayawada,11:00,15:10,640.0,Raju,3.7,,3,
279,2026-06-04T09:07:36.264626,2026-06-04,Hyderabad,Vijayawada,11:00,17:30,700.0,Sandeep,4.3,,3,
280,2026-06-04T09:07:36.264626,2026-06-04,Hyderabad,Vijayawada,11:00,17:40,820.0,N/A,,,3,
315,2026-06-04T09:08:01.968140,2026-06-04,Hyderabad,Warangal,11:00,13:40,460.0,N/A,,,3,
316,2026-06-04T09:08:01.968140,2026-06-04,Hyderabad,Warangal,11:00,14:10,490.0,Yadav,5.0,,3,
317,2026-06-04T09:08:01.968140,2026-06-04,Hyderabad,Warangal,11:00,14:10,500.0,N/A,,,3,
318,2026-06-04T09:08:01.968140,2026-06-04,Hyderabad,Warangal,11:00,14:10,560.0,N/A,,1.0,3,2.0
356,2026-06-04T09:08:27.593453,2026-06-04,Hyderabad,Kurnool,11:00,14:20,450.0,N/A,,,3,
357,2026-06-04T09:08:27.593453,2026-06-04,Hyderabad,Kurnool,11:00,14:30,500.0,Shaik,4.8,,3,
358,2026-06-04T09:08:27.593453,2026-06-04,Hyderabad,Kurnool,11:00,14:50,600.0,N/A,,,3,
359,2026-06-04T09:08:27.593453,2026-06-04,Hyderabad,Kurnool,11:00,15:20,660.0,Madhu,5.0,,3,
281,2026-06-04T09:07:36.264626,2026-06-04,Hyderabad,Vijayawada,11:10,18:00,800.0,Kirankumar,5.0,,3,
319,2026-06-04T09:08:01.968140,2026-06-04,Hyderabad,Warangal,11:10,13:40,550.0,Swetha,4.4,,3,
282,2026-06-04T09:07:36.264626,2026-06-04,Hyderabad,Vijayawada,11:20,15:50,650.0,Instant Booking,,,3,
320,2026-06-04T09:08:01.968140,2026-06-04,Hyderabad,Warangal,11:20,14:30,500.0,N/A,,,3,
360,2026-06-04T09:08:27.593453,2026-06-04,Hyderabad,Kurnool,11:20,14:50,500.0,N/A,,,3,
283,2026-06-04T09:07:36.264626,2026-06-04,Hyderabad,Vijayawada,11:30,14:40,500.0,N/A,,,3,
284,2026-06-04T09:07:36.264626,2026-06-04,Hyderabad,Vijayawada,11:30,16:10,700.0,Charan,0.0,,3,
285,2026-06-04T09:07:36.264626,2026-06-04,Hyderabad,Vijayawada,11:30,16:40,700.0,Venkatesh,0.0,,3,
321,2026-06-04T09:08:01.968140,2026-06-04,Hyderabad,Warangal,11:30,14:40,500.0,N/A,,,3,
322,2026-06-04T09:08:01.968140,2026-06-04,Hyderabad,Warangal,11:30,15:30,550.0,Renuka,4.5,,3,
323,2026-06-04T09:08:01.968140,2026-06-04,Hyderabad,Warangal,11:30,14:40,550.0,N/A,,,3,
362,2026-06-04T09:08:27.593453,2026-06-04,Hyderabad,Kurnool,11:30,15:00,500.0,Swamy,3.9,,3,
363,2026-06-04T09:08:27.593453,2026-06-04,Hyderabad,Kurnool,11:30,14:10,600.0,N/A,,,3,
324,2026-06-04T09:08:01.968140,2026-06-04,Hyderabad,Warangal,11:40,15:00,540.0,N/A,,,3,
325,2026-06-04T09:08:01.968140,2026-06-04,Hyderabad,Warangal,11:40,14:50,550.0,Swetha,4.4,,3,
287,2026-06-04T09:07:36.264626,2026-06-04,Hyderabad,Vijayawada,11:50,14:40,500.0,N/A,,,3,
364,2026-06-04T09:08:27.593453,2026-06-04,Hyderabad,Kurnool,11:50,15:20,500.0,N/A,,,3,
288,2026-06-04T09:07:36.264626,2026-06-04,Hyderabad,Vijayawada,12:00,15:50,700.0,Manohar,4.9,,3,
289,2026-06-04T09:07:36.264626,2026-06-04,Hyderabad,Vijayawada,12:00,16:00,800.0,Gagan,0.0,,3,
290,2026-06-04T09:07:36.264626,2026-06-04,Hyderabad,Vijayawada,12:00,18:40,850.0,Bannu,5.0,,3,
326,2026-06-04T09:08:01.968140,2026-06-04,Hyderabad,Warangal,12:00,14:00,430.0,Sampath,4.4,,3,
327,2026-06-04T09:08:01.968140,2026-06-04,Hyderabad,Warangal,12:00,15:20,540.0,N/A,,,3,
328,2026-06-04T09:08:01.968140,2026-06-04,Hyderabad,Warangal,12:00,15:10,550.0,N/A,,,3,
365,2026-06-04T09:08:27.593453,2026-06-04,Hyderabad,Kurnool,12:00,14:50,490.0,Enjamuri,4.3,,3,
366,2026-06-04T09:08:27.593453,2026-06-04,Hyderabad,Kurnool,12:00,15:30,500.0,N/A,,,3,
367,2026-06-04T09:08:27.593453,2026-06-04,Hyderabad,Kurnool,12:00,15:30,600.0,Radha,0.0,,3,
291,2026-06-04T09:07:36.264626,2026-06-04,Hyderabad,Vijayawada,12:20,16:30,840.0,Abhiram,0.0,,3,
368,2026-06-04T09:08:27.593453,2026-06-04,Hyderabad,Kurnool,12:20,14:40,670.0,Nagaraja,4.4,,3,
292,2026-06-04T09:07:36.264626,2026-06-04,Hyderabad,Vijayawada,12:30,17:20,690.0,N/A,,,3,
329,2026-06-04T09:08:01.968140,2026-06-04,Hyderabad,Warangal,12:30,14:30,430.0,Eshwar,5.0,,3,
369,2026-06-04T09:08:27.593453,2026-06-04,Hyderabad,Kurnool,12:30,16:10,550.0,Babu,4.5,,3,
370,2026-06-04T09:08:27.593453,2026-06-04,Hyderabad,Kurnool,12:30,15:00,600.0,N/A,,,3,
293,2026-06-04T09:07:36.264626,2026-06-04,Hyderabad,Vijayawada,13:00,18:00,610.0,Akunuru,0.0,,3,
371,2026-06-04T09:08:27.593453,2026-06-04,Hyderabad,Kurnool,13:00,16:30,500.0,N/A,,,3,
372,2026-06-04T09:08:27.593453,2026-06-04,Hyderabad,Kurnool,13:00,16:30,500.0,Babu,4.5,,3,
373,2026-06-04T09:08:27.593453,2026-06-04,Hyderabad,Kurnool,13:00,15:30,620.0,Ejaz,2.4,,3,
330,2026-06-04T09:08:01.968140,2026-06-04,Hyderabad,Warangal,13:10,15:50,400.0,Chandu,3.0,,3,
374,2026-06-04T09:08:27.593453,2026-06-04,Hyderabad,Kurnool,13:10,16:40,550.0,Instant Booking,,,3,
375,2026-06-04T09:08:27.593453,2026-06-04,Hyderabad,Kurnool,13:10,16:40,550.0,Mahi,4.4,,3,
376,2026-06-04T09:08:27.593453,2026-06-04,Hyderabad,Kurnool,13:30,17:20,500.0,Sanju,4.8,,3,
377,2026-06-04T09:08:27.593453,2026-06-04,Hyderabad,Kurnool,13:30,16:00,600.0,N/A,,,3,
378,2026-06-04T09:08:27.593453,2026-06-04,Hyderabad,Kurnool,13:30,16:20,660.0,N/A,,,3,
379,2026-06-04T09:08:27.593453,2026-06-04,Hyderabad,Kurnool,13:30,16:50,670.0,Mahesh,4.6,,3,
331,2026-06-04T09:08:01.968140,2026-06-04,Hyderabad,Warangal,14:00,16:30,330.0,N/A,,,3,
332,2026-06-04T09:08:01.968140,2026-06-04,Hyderabad,Warangal,14:00,17:10,530.0,N/A,,,3,
380,2026-06-04T09:08:27.593453,2026-06-04,Hyderabad,Kurnool,14:00,16:40,400.0,Abdul,5.0,,3,
381,2026-06-04T09:08:27.593453,2026-06-04,Hyderabad,Kurnool,14:00,17:40,500.0,Reddy,4.5,,3,
382,2026-06-04T09:08:27.593453,2026-06-04,Hyderabad,Kurnool,14:00,18:20,550.0,Suresh,4.3,,3,
383,2026-06-04T09:08:27.593453,2026-06-04,Hyderabad,Kurnool,14:00,16:50,600.0,N/A,,,3,
384,2026-06-04T09:08:27.593453,2026-06-04,Hyderabad,Kurnool,14:00,16:30,600.0,Jagadeesh,4.7,,3,
385,2026-06-04T09:08:27.593453,2026-06-04,Hyderabad,Kurnool,14:00,16:40,630.0,N/A,,,3,
386,2026-06-04T09:08:27.593453,2026-06-04,Hyderabad,Kurnool,14:00,16:40,640.0,N/A,,,3,
387,2026-06-04T09:08:27.593453,2026-06-04,Hyderabad,Kurnool,14:00,16:50,650.0,N/A,,,3,
389,2026-06-04T09:08:27.593453,2026-06-04,Hyderabad,Kurnool,14:20,18:00,600.0,Mohan Reddy,4.3,,3,
390,2026-06-04T09:08:27.593453,2026-06-04,Hyderabad,Kurnool,14:30,17:10,470.0,N/A,,,3,
333,2026-06-04T09:08:01.968140,2026-06-04,Hyderabad,Warangal,15:00,18:20,350.0,Vamshi,4.0,,3,
334,2026-06-04T09:08:01.968140,2026-06-04,Hyderabad,Warangal,15:00,11:20,460.0,Prasad Yadav,4.6,,3,
335,2026-06-04T09:08:01.968140,2026-06-04,Hyderabad,Warangal,15:20,17:10,350.0,N/A,,,3,
336,2026-06-04T09:08:01.968140,2026-06-04,Hyderabad,Warangal,15:20,18:00,400.0,Prabhas,5.0,,3,
337,2026-06-04T09:08:01.968140,2026-06-04,Hyderabad,Warangal,16:00,19:10,500.0,N/A,,,3,
338,2026-06-04T09:08:01.968140,2026-06-04,Hyderabad,Warangal,16:00,19:10,520.0,N/A,,,3,
339,2026-06-04T09:08:01.968140,2026-06-04,Hyderabad,Warangal,16:00,19:20,550.0,Shiva,4.5,,3,
340,2026-06-04T09:08:01.968140,2026-06-04,Hyderabad,Warangal,16:30,19:00,400.0,N/A,,,3,
341,2026-06-04T09:08:01.968140,2026-06-04,Hyderabad,Warangal,16:30,19:40,520.0,N/A,,,3,
463,2026-06-04T09:09:42.682869,2026-06-04,Kurnool,Hyderabad,09:30,13:00,500.0,N/A,,,3,
464,2026-06-04T09:09:42.682869,2026-06-04,Kurnool,Hyderabad,09:30,13:10,600.0,N/A,,,3,
465,2026-06-04T09:09:42.682869,2026-06-04,Kurnool,Hyderabad,09:40,13:30,480.0,Shiva,5.0,,3,
466,2026-06-04T09:09:42.682869,2026-06-04,Kurnool,Hyderabad,09:50,13:30,480.0,Chand,4.6,,3,
467,2026-06-04T09:09:42.682869,2026-06-04,Kurnool,Hyderabad,09:50,13:30,480.0,Arya,4.6,,3,
468,2026-06-04T09:09:42.682869,2026-06-04,Kurnool,Hyderabad,09:50,13:30,600.0,N/A,,,3,
469,2026-06-04T09:09:42.682869,2026-06-04,Kurnool,Hyderabad,10:00,13:40,500.0,N/A,,,3,
470,2026-06-04T09:09:42.682869,2026-06-04,Kurnool,Hyderabad,10:00,12:40,500.0,Manoj,4.8,,3,
471,2026-06-04T09:09:42.682869,2026-06-04,Kurnool,Hyderabad,10:00,13:30,550.0,Deepak,4.8,,3,
472,2026-06-04T09:09:42.682869,2026-06-04,Kurnool,Hyderabad,10:00,13:50,600.0,Venky Reddy,4.6,,3,
473,2026-06-04T09:09:42.682869,2026-06-04,Kurnool,Hyderabad,10:10,12:40,480.0,Instant Booking,,,3,
474,2026-06-04T09:09:42.682869,2026-06-04,Kurnool,Hyderabad,10:20,14:00,500.0,Ramu,3.2,,3,
475,2026-06-04T09:09:42.682869,2026-06-04,Kurnool,Hyderabad,10:30,14:10,500.0,Gopinath Reddy,3.7,,3,
476,2026-06-04T09:09:42.682869,2026-06-04,Kurnool,Hyderabad,10:30,14:00,500.0,Madhubabu,3.2,,3,
477,2026-06-04T09:09:42.682869,2026-06-04,Kurnool,Hyderabad,10:40,14:10,500.0,Madhu,3.8,,3,
478,2026-06-04T09:09:42.682869,2026-06-04,Kurnool,Hyderabad,10:50,14:30,500.0,Gopinath Reddy,3.7,,3,
479,2026-06-04T09:09:42.682869,2026-06-04,Kurnool,Hyderabad,10:50,13:20,620.0,Manohar,4.0,,3,
480,2026-06-04T09:09:42.682869,2026-06-04,Kurnool,Hyderabad,11:00,14:40,500.0,Bunny,3.7,,3,
481,2026-06-04T09:09:42.682869,2026-06-04,Kurnool,Hyderabad,11:00,14:50,600.0,Vg Reddy,3.6,,3,
482,2026-06-04T09:09:42.682869,2026-06-04,Kurnool,Hyderabad,11:00,14:00,640.0,Eswar,4.4,,3,
483,2026-06-04T09:09:42.682869,2026-06-04,Kurnool,Hyderabad,11:10,14:40,500.0,Jramakrishna,4.1,,3,
484,2026-06-04T09:09:42.682869,2026-06-04,Kurnool,Hyderabad,11:10,14:50,500.0,Raju,0.0,,3,
485,2026-06-04T09:09:42.682869,2026-06-04,Kurnool,Hyderabad,11:10,15:10,600.0,Reddy,4.1,,3,
486,2026-06-04T09:09:42.682869,2026-06-04,Kurnool,Hyderabad,11:10,15:00,600.0,Lovely,4.2,,3,
487,2026-06-04T09:09:42.682869,2026-06-04,Kurnool,Hyderabad,11:20,13:50,620.0,Manohar,4.0,,3,
488,2026-06-04T09:09:42.682869,2026-06-04,Kurnool,Hyderabad,11:30,14:50,500.0,N/A,,,3,
489,2026-06-04T09:09:42.682869,2026-06-04,Kurnool,Hyderabad,11:50,14:20,620.0,Jayam,3.7,,3,
490,2026-06-04T09:09:42.682869,2026-06-04,Kurnool,Hyderabad,12:30,16:00,510.0,Arun,0.0,,3,
491,2026-06-04T09:09:42.682869,2026-06-04,Kurnool,Hyderabad,12:40,15:00,420.0,Lavan,5.0,,3,
492,2026-06-04T09:09:42.682869,2026-06-04,Kurnool,Hyderabad,12:40,15:20,590.0,Siva,5.0,,3,
493,2026-06-04T09:09:42.682869,2026-06-04,Kurnool,Hyderabad,13:10,15:50,620.0,Javeed,4.8,,3,
494,2026-06-04T09:09:42.682869,2026-06-04,Kurnool,Hyderabad,13:50,17:30,550.0,Shaik Abdul,0.0,,3,
495,2026-06-04T09:09:42.682869,2026-06-04,Kurnool,Hyderabad,14:00,17:40,600.0,Purna,5.0,,3,
496,2026-06-04T09:09:42.682869,2026-06-04,Kurnool,Hyderabad,14:10,17:40,500.0,Shaik,4.5,,3,
497,2026-06-04T09:09:42.682869,2026-06-04,Kurnool,Hyderabad,14:10,16:50,620.0,N/A,,,3,
498,2026-06-04T09:09:42.682869,2026-06-04,Kurnool,Hyderabad,14:20,17:50,500.0,Syed,5.0,,3,
499,2026-06-04T09:09:42.682869,2026-06-04,Kurnool,Hyderabad,14:20,17:50,500.0,Mohammed,4.8,,3,
500,2026-06-04T09:09:42.682869,2026-06-04,Kurnool,Hyderabad,14:30,18:00,500.0,Instant Booking,,,3,
501,2026-06-04T09:09:42.682869,2026-06-04,Kurnool,Hyderabad,15:00,19:20,660.0,N/A,,,3,
502,2026-06-04T09:09:42.682869,2026-06-04,Kurnool,Hyderabad,15:10,19:10,600.0,Lokesh,3.7,,3,
503,2026-06-04T09:09:42.682869,2026-06-04,Kurnool,Hyderabad,16:00,19:40,470.0,Jagadeeswar Reddy,5.0,,3,
504,2026-06-04T09:09:42.682869,2026-06-04,Kurnool,Hyderabad,16:00,19:40,480.0,Vadde Balakrishna,4.7,,3,
505,2026-06-04T09:09:42.682869,2026-06-04,Kurnool,Hyderabad,16:00,18:30,590.0,N/A,,,3,
391,2026-06-04T09:08:53.012605,2026-06-04,Vijayawada,Hyderabad,10:00,14:10,650.0,Vinod,5.0,,3,
392,2026-06-04T09:08:53.012605,2026-06-04,Vijayawada,Hyderabad,10:00,14:20,690.0,Manmadharao,3.5,,3,
393,2026-06-04T09:08:53.012605,2026-06-04,Vijayawada,Hyderabad,10:00,15:30,790.0,N/A,,,3,
394,2026-06-04T09:08:53.012605,2026-06-04,Vijayawada,Hyderabad,10:20,15:00,770.0,Yenigandla,3.7,,3,
395,2026-06-04T09:08:53.012605,2026-06-04,Vijayawada,Hyderabad,10:50,14:50,840.0,Prudhvi,4.7,,3,
396,2026-06-04T09:08:53.012605,2026-06-04,Vijayawada,Hyderabad,11:00,15:30,750.0,Shaik,5.0,,3,
397,2026-06-04T09:08:53.012605,2026-06-04,Vijayawada,Hyderabad,11:00,15:30,760.0,Ameer,2.5,,3,
398,2026-06-04T09:08:53.012605,2026-06-04,Vijayawada,Hyderabad,11:10,15:40,590.0,Suresh,4.6,,3,
399,2026-06-04T09:08:53.012605,2026-06-04,Vijayawada,Hyderabad,11:10,15:40,750.0,Basha,0.0,,3,
400,2026-06-04T09:08:53.012605,2026-06-04,Vijayawada,Hyderabad,12:00,17:30,650.0,N/A,,,3,
401,2026-06-04T09:08:53.012605,2026-06-04,Vijayawada,Hyderabad,12:30,17:00,600.0,N/A,,,3,
402,2026-06-04T09:08:53.012605,2026-06-04,Vijayawada,Hyderabad,13:00,18:30,820.0,Suresh,5.0,,3,
403,2026-06-04T09:08:53.012605,2026-06-04,Vijayawada,Hyderabad,14:00,19:00,700.0,Umamahesh,3.0,,3,
404,2026-06-04T09:08:53.012605,2026-06-04,Vijayawada,Hyderabad,14:00,19:20,700.0,N/A,,,3,
405,2026-06-04T09:08:53.012605,2026-06-04,Vijayawada,Hyderabad,15:00,19:30,600.0,Krishna,4.7,,3,
406,2026-06-04T09:08:53.012605,2026-06-04,Vijayawada,Hyderabad,15:00,19:30,690.0,Hithesh,4.6,,3,
407,2026-06-04T09:08:53.012605,2026-06-04,Vijayawada,Hyderabad,15:00,22:40,910.0,N/A,,,3,
408,2026-06-04T09:08:53.012605,2026-06-04,Vijayawada,Hyderabad,16:00,21:20,800.0,Ramesh,4.8,,3,
409,2026-06-04T09:08:53.012605,2026-06-04,Vijayawada,Hyderabad,16:20,20:10,940.0,Malella,5.0,,3,
410,2026-06-04T09:08:53.012605,2026-06-04,Vijayawada,Hyderabad,16:40,21:00,730.0,Pavan Kalyan,5.0,,3,
411,2026-06-04T09:08:53.012605,2026-06-04,Vijayawada,Hyderabad,17:00,21:30,650.0,Shivnath,5.0,,3,
412,2026-06-04T09:08:53.012605,2026-06-04,Vijayawada,Hyderabad,17:00,22:40,700.0,Kiran,5.0,,3,
413,2026-06-04T09:08:53.012605,2026-06-04,Vijayawada,Hyderabad,17:00,22:10,750.0,Damodara Sundeep,4.2,,3,
414,2026-06-04T09:08:53.012605,2026-06-04,Vijayawada,Hyderabad,17:00,21:30,760.0,Ramesh,5.0,,3,
415,2026-06-04T09:08:53.012605,2026-06-04,Vijayawada,Hyderabad,17:30,21:30,750.0,Rajasekhar,0.0,,3,
416,2026-06-04T09:08:53.012605,2026-06-04,Vijayawada,Hyderabad,18:00,23:00,790.0,Gagan,0.0,,3,
417,2026-06-04T09:08:53.012605,2026-06-04,Vijayawada,Hyderabad,18:00,01:20,850.0,Malella,5.0,,3,
418,2026-06-04T09:08:53.012605,2026-06-04,Vijayawada,Hyderabad,18:30,23:20,600.0,Neerukonda,4.2,,3,
419,2026-06-04T09:08:53.012605,2026-06-04,Vijayawada,Hyderabad,20:00,02:40,630.0,Balu,0.0,,3,
420,2026-06-04T09:08:53.012605,2026-06-04,Vijayawada,Hyderabad,20:00,23:40,800.0,Ramesh,0.0,,3,
421,2026-06-04T09:08:53.012605,2026-06-04,Vijayawada,Hyderabad,21:20,02:40,890.0,N/A,,,3,
422,2026-06-04T09:08:53.012605,2026-06-04,Vijayawada,Hyderabad,21:30,02:50,750.0,Dommeti,4.8,,3,
423,2026-06-04T09:08:53.012605,2026-06-04,Vijayawada,Hyderabad,22:00,03:00,740.0,N/A,,,3,
424,2026-06-04T09:08:53.012605,2026-06-04,Vijayawada,Hyderabad,22:30,04:40,880.0,Tadikonda,0.0,,3,
425,2026-06-04T09:08:53.012605,2026-06-04,Vijayawada,Hyderabad,23:00,03:40,780.0,Anil,4.7,,3,
426,2026-06-04T09:09:15.325370,2026-06-04,Warangal,Hyderabad,09:30,12:00,330.0,Rajani,4.5,,3,
427,2026-06-04T09:09:15.325370,2026-06-04,Warangal,Hyderabad,09:30,12:40,350.0,Ajay Kumar,0.0,,3,
428,2026-06-04T09:09:15.325370,2026-06-04,Warangal,Hyderabad,09:30,12:10,400.0,Shivakumar,0.0,,3,
429,2026-06-04T09:09:15.325370,2026-06-04,Warangal,Hyderabad,09:30,12:50,450.0,Chandu,0.0,,3,
430,2026-06-04T09:09:15.325370,2026-06-04,Warangal,Hyderabad,09:30,12:10,520.0,N/A,,,3,
431,2026-06-04T09:09:15.325370,2026-06-04,Warangal,Hyderabad,09:50,13:10,520.0,N/A,,,3,
432,2026-06-04T09:09:15.325370,2026-06-04,Warangal,Hyderabad,09:50,13:20,550.0,Harikrishna,3.6,,3,
433,2026-06-04T09:09:15.325370,2026-06-04,Warangal,Hyderabad,10:00,12:40,350.0,Venu,0.0,,3,
434,2026-06-04T09:09:15.325370,2026-06-04,Warangal,Hyderabad,10:00,12:00,370.0,N/A,,,3,
435,2026-06-04T09:09:15.325370,2026-06-04,Warangal,Hyderabad,10:00,12:40,390.0,Pradeep,0.0,,3,
436,2026-06-04T09:09:15.325370,2026-06-04,Warangal,Hyderabad,10:00,13:00,400.0,Viswateja,0.0,,3,
437,2026-06-04T09:09:15.325370,2026-06-04,Warangal,Hyderabad,10:00,13:10,490.0,Vinay,5.0,,3,
438,2026-06-04T09:09:15.325370,2026-06-04,Warangal,Hyderabad,10:10,12:50,350.0,Sai,1.0,,3,
439,2026-06-04T09:09:15.325370,2026-06-04,Warangal,Hyderabad,10:10,12:50,350.0,Rajesh,4.0,,3,
440,2026-06-04T09:09:15.325370,2026-06-04,Warangal,Hyderabad,10:20,13:20,470.0,Sree,5.0,,3,
441,2026-06-04T09:09:15.325370,2026-06-04,Warangal,Hyderabad,11:00,13:40,350.0,Venkatesh,3.5,,3,
442,2026-06-04T09:09:15.325370,2026-06-04,Warangal,Hyderabad,11:00,13:00,360.0,Akhil,0.0,,3,
443,2026-06-04T09:09:15.325370,2026-06-04,Warangal,Hyderabad,11:00,13:30,400.0,Guguloth,5.0,,3,
444,2026-06-04T09:09:15.325370,2026-06-04,Warangal,Hyderabad,11:00,14:00,520.0,Sai,0.0,,3,
445,2026-06-04T09:09:15.325370,2026-06-04,Warangal,Hyderabad,11:00,13:20,550.0,Dudde,4.5,,3,
446,2026-06-04T09:09:15.325370,2026-06-04,Warangal,Hyderabad,11:30,14:10,350.0,Akhil,0.0,,3,
447,2026-06-04T09:09:15.325370,2026-06-04,Warangal,Hyderabad,11:30,14:50,500.0,Rakesh,0.0,,3,
448,2026-06-04T09:09:15.325370,2026-06-04,Warangal,Hyderabad,12:00,13:50,350.0,Akhil,0.0,,3,
449,2026-06-04T09:09:15.325370,2026-06-04,Warangal,Hyderabad,12:00,14:30,370.0,Abdullah,0.0,,3,
450,2026-06-04T09:09:15.325370,2026-06-04,Warangal,Hyderabad,12:00,14:50,400.0,Teju,0.0,,3,
451,2026-06-04T09:09:15.325370,2026-06-04,Warangal,Hyderabad,12:00,14:40,400.0,Jesse,0.0,,3,
452,2026-06-04T09:09:15.325370,2026-06-04,Warangal,Hyderabad,12:00,14:40,420.0,Ramu,5.0,,3,
453,2026-06-04T09:09:15.325370,2026-06-04,Warangal,Hyderabad,12:00,15:20,500.0,N/A,,,3,
454,2026-06-04T09:09:15.325370,2026-06-04,Warangal,Hyderabad,12:30,15:40,310.0,Ajay Kumar,0.0,,3,
455,2026-06-04T09:09:15.325370,2026-06-04,Warangal,Hyderabad,12:30,15:30,360.0,Faisal,2.8,,3,
456,2026-06-04T09:09:15.325370,2026-06-04,Warangal,Hyderabad,12:30,15:10,390.0,Sravan,3.9,,3,
457,2026-06-04T09:09:15.325370,2026-06-04,Warangal,Hyderabad,13:10,15:50,350.0,Vamshi,5.0,,3,
458,2026-06-04T09:09:15.325370,2026-06-04,Warangal,Hyderabad,13:30,16:40,560.0,N/A,,,3,
459,2026-06-04T09:09:15.325370,2026-06-04,Warangal,Hyderabad,14:00,16:40,400.0,Mohammed,5.0,,3,
460,2026-06-04T09:09:15.325370,2026-06-04,Warangal,Hyderabad,14:00,16:10,500.0,N/A,,,3,
461,2026-06-04T09:09:15.325370,2026-06-04,Warangal,Hyderabad,14:30,17:10,400.0,Srinadh,5.0,,3,
462,2026-06-04T09:09:15.325370,2026-06-04,Warangal,Hyderabad,14:30,17:00,400.0,Vivek,5.0,,3,
544,2026-06-05T09:16:00.739600,2026-06-05,Hyderabad,Warangal,09:40,12:40,490.0,N/A,,,3,
545,2026-06-05T09:16:00.739600,2026-06-05,Hyderabad,Warangal,09:40,12:50,560.0,N/A,,,3,
546,2026-06-05T09:16:00.739600,2026-06-05,Hyderabad,Warangal,09:50,13:10,540.0,N/A,,,3,
506,2026-06-05T09:15:34.288037,2026-06-05,Hyderabad,Vijayawada,10:00,14:50,640.0,Aashish,0.0,,3,
507,2026-06-05T09:15:34.288037,2026-06-05,Hyderabad,Vijayawada,10:00,15:20,650.0,Sunil,2.5,,3,
508,2026-06-05T09:15:34.288037,2026-06-05,Hyderabad,Vijayawada,10:00,14:50,750.0,Skvali,4.7,,3,
509,2026-06-05T09:15:34.288037,2026-06-05,Hyderabad,Vijayawada,10:00,15:20,830.0,Gowtham,4.6,,3,
510,2026-06-05T09:15:34.288037,2026-06-05,Hyderabad,Vijayawada,10:00,15:20,890.0,Uday,4.9,,3,
547,2026-06-05T09:16:00.739600,2026-06-05,Hyderabad,Warangal,10:00,12:50,380.0,Srinath,0.0,,3,
548,2026-06-05T09:16:00.739600,2026-06-05,Hyderabad,Warangal,10:00,12:40,400.0,Pidugu,0.0,,3,
549,2026-06-05T09:16:00.739600,2026-06-05,Hyderabad,Warangal,10:00,12:30,430.0,N/A,,,3,
550,2026-06-05T09:16:00.739600,2026-06-05,Hyderabad,Warangal,10:00,12:10,450.0,N/A,,,3,
551,2026-06-05T09:16:00.739600,2026-06-05,Hyderabad,Warangal,10:00,13:10,490.0,N/A,,,3,
552,2026-06-05T09:16:00.739600,2026-06-05,Hyderabad,Warangal,10:00,13:20,540.0,N/A,,,3,
574,2026-06-05T09:16:27.246774,2026-06-05,Hyderabad,Kurnool,10:00,13:40,500.0,N/A,,,3,
575,2026-06-05T09:16:27.246774,2026-06-05,Hyderabad,Kurnool,10:00,13:30,500.0,Sampati,3.7,,3,
576,2026-06-05T09:16:27.246774,2026-06-05,Hyderabad,Kurnool,10:00,13:50,550.0,Shaik,0.0,,3,
577,2026-06-05T09:16:27.246774,2026-06-05,Hyderabad,Kurnool,10:00,12:50,590.0,N/A,,,3,
578,2026-06-05T09:16:27.246774,2026-06-05,Hyderabad,Kurnool,10:00,13:30,600.0,Teja,3.7,,3,
554,2026-06-05T09:16:00.739600,2026-06-05,Hyderabad,Warangal,10:10,12:00,440.0,Prasad,4.2,,3,
579,2026-06-05T09:16:27.246774,2026-06-05,Hyderabad,Kurnool,10:10,13:50,650.0,N/A,,,3,
555,2026-06-05T09:16:00.739600,2026-06-05,Hyderabad,Warangal,10:20,12:10,400.0,Srinivas Ex Army,4.5,,3,
556,2026-06-05T09:16:00.739600,2026-06-05,Hyderabad,Warangal,10:20,12:50,400.0,N/A,,,3,
557,2026-06-05T09:16:00.739600,2026-06-05,Hyderabad,Warangal,10:20,13:40,520.0,Raju,5.0,,3,
558,2026-06-05T09:16:00.739600,2026-06-05,Hyderabad,Warangal,10:20,13:40,540.0,N/A,,,3,
580,2026-06-05T09:16:27.246774,2026-06-05,Hyderabad,Kurnool,10:20,13:40,400.0,N/A,,,3,
581,2026-06-05T09:16:27.246774,2026-06-05,Hyderabad,Kurnool,10:20,13:50,500.0,N/A,,,3,
511,2026-06-05T09:15:34.288037,2026-06-05,Hyderabad,Vijayawada,10:30,15:10,690.0,Krishna,5.0,,3,
512,2026-06-05T09:15:34.288037,2026-06-05,Hyderabad,Vijayawada,10:30,15:10,700.0,Nageswararao,4.6,,3,
513,2026-06-05T09:15:34.288037,2026-06-05,Hyderabad,Vijayawada,10:30,15:40,720.0,Manoj Kumar,3.6,,3,
560,2026-06-05T09:16:00.739600,2026-06-05,Hyderabad,Warangal,10:30,14:10,410.0,Spandan,4.8,,3,
561,2026-06-05T09:16:00.739600,2026-06-05,Hyderabad,Warangal,10:30,13:00,430.0,N/A,,,3,
562,2026-06-05T09:16:00.739600,2026-06-05,Hyderabad,Warangal,10:30,13:30,450.0,N/A,,,3,
563,2026-06-05T09:16:00.739600,2026-06-05,Hyderabad,Warangal,10:30,13:40,490.0,N/A,,,3,
583,2026-06-05T09:16:27.246774,2026-06-05,Hyderabad,Kurnool,10:30,14:00,500.0,N/A,,,3,
586,2026-06-05T09:16:27.246774,2026-06-05,Hyderabad,Kurnool,10:30,14:00,550.0,N/A,,,3,
587,2026-06-05T09:16:27.246774,2026-06-05,Hyderabad,Kurnool,10:30,14:10,550.0,Reddy,4.6,,3,
564,2026-06-05T09:16:00.739600,2026-06-05,Hyderabad,Warangal,10:40,13:10,460.0,Instant Booking,,1.0,3,2.0
588,2026-06-05T09:16:27.246774,2026-06-05,Hyderabad,Kurnool,10:40,14:10,500.0,N/A,,,3,
589,2026-06-05T09:16:27.246774,2026-06-05,Hyderabad,Kurnool,10:50,14:20,500.0,Subhan,4.7,,3,
590,2026-06-05T09:16:27.246774,2026-06-05,Hyderabad,Kurnool,10:50,13:30,500.0,N/A,,,3,
514,2026-06-05T09:15:34.288037,2026-06-05,Hyderabad,Vijayawada,11:00,16:30,860.0,Sai,1.0,,3,
565,2026-06-05T09:16:00.739600,2026-06-05,Hyderabad,Warangal,11:00,13:40,400.0,N/A,,,3,
567,2026-06-05T09:16:00.739600,2026-06-05,Hyderabad,Warangal,11:00,14:10,500.0,N/A,,,3,
570,2026-06-05T09:16:00.739600,2026-06-05,Hyderabad,Warangal,11:00,14:10,560.0,N/A,,1.0,3,2.0
592,2026-06-05T09:16:27.246774,2026-06-05,Hyderabad,Kurnool,11:00,14:30,500.0,N/A,,,3,
593,2026-06-05T09:16:27.246774,2026-06-05,Hyderabad,Kurnool,11:00,14:30,520.0,N/A,,,3,
594,2026-06-05T09:16:27.246774,2026-06-05,Hyderabad,Kurnool,11:00,14:30,550.0,Bandike,4.5,,3,
595,2026-06-05T09:16:27.246774,2026-06-05,Hyderabad,Kurnool,11:00,14:30,550.0,N/A,,,3,
596,2026-06-05T09:16:27.246774,2026-06-05,Hyderabad,Kurnool,11:00,13:40,650.0,N/A,,,3,
571,2026-06-05T09:16:00.739600,2026-06-05,Hyderabad,Warangal,11:10,13:20,520.0,N/A,,,3,
572,2026-06-05T09:16:00.739600,2026-06-05,Hyderabad,Warangal,11:10,14:20,550.0,Swetha,4.4,,3,
597,2026-06-05T09:16:27.246774,2026-06-05,Hyderabad,Kurnool,11:10,14:40,500.0,Vinod Reddy,0.0,,3,
598,2026-06-05T09:16:27.246774,2026-06-05,Hyderabad,Kurnool,11:10,14:40,500.0,N/A,,,3,
599,2026-06-05T09:16:27.246774,2026-06-05,Hyderabad,Kurnool,11:20,14:50,550.0,N/A,,,3,
515,2026-06-05T09:15:34.288037,2026-06-05,Hyderabad,Vijayawada,11:30,16:00,770.0,Kranthi,3.6,,3,
573,2026-06-05T09:16:00.739600,2026-06-05,Hyderabad,Warangal,11:30,14:40,400.0,N/A,,,3,
600,2026-06-05T09:16:27.246774,2026-06-05,Hyderabad,Kurnool,11:30,15:00,550.0,Maddilati,3.3,,3,
601,2026-06-05T09:16:27.246774,2026-06-05,Hyderabad,Kurnool,11:30,15:00,550.0,Shaiksha,0.0,,3,
602,2026-06-05T09:16:27.246774,2026-06-05,Hyderabad,Kurnool,11:30,14:10,600.0,Sripad,5.0,,3,
516,2026-06-05T09:15:34.288037,2026-06-05,Hyderabad,Vijayawada,11:40,16:50,800.0,Abhishek,4.6,,3,
517,2026-06-05T09:15:34.288037,2026-06-05,Hyderabad,Vijayawada,11:50,15:50,840.0,Abhiram,0.0,,3,
603,2026-06-05T09:16:27.246774,2026-06-05,Hyderabad,Kurnool,12:00,15:30,500.0,N/A,,,3,
604,2026-06-05T09:16:27.246774,2026-06-05,Hyderabad,Kurnool,12:00,14:40,510.0,N/A,,,3,
605,2026-06-05T09:16:27.246774,2026-06-05,Hyderabad,Kurnool,12:00,15:50,600.0,Venktesh Waralu,2.8,,3,
606,2026-06-05T09:16:27.246774,2026-06-05,Hyderabad,Kurnool,12:00,16:20,660.0,Madhu,5.0,,3,
607,2026-06-05T09:16:27.246774,2026-06-05,Hyderabad,Kurnool,12:10,15:40,450.0,N/A,,,3,
608,2026-06-05T09:16:27.246774,2026-06-05,Hyderabad,Kurnool,12:20,16:10,560.0,Rajesh,4.0,,3,
518,2026-06-05T09:15:34.288037,2026-06-05,Hyderabad,Vijayawada,12:30,17:20,690.0,N/A,,,3,
609,2026-06-05T09:16:27.246774,2026-06-05,Hyderabad,Kurnool,12:30,15:50,600.0,Dandagalasiva,0.0,,3,
610,2026-06-05T09:16:27.246774,2026-06-05,Hyderabad,Kurnool,12:40,16:20,540.0,Arya,4.6,,3,
519,2026-06-05T09:15:34.288037,2026-06-05,Hyderabad,Vijayawada,13:20,17:20,700.0,Azad,0.0,,3,
520,2026-06-05T09:15:34.288037,2026-06-05,Hyderabad,Vijayawada,13:30,19:50,700.0,N/A,,,3,
611,2026-06-05T09:16:27.246774,2026-06-05,Hyderabad,Kurnool,13:30,16:00,620.0,N/A,,,3,
704,2026-06-05T13:09:35.479034,2026-06-05,Hyderabad,Vijayawada,13:30,18:00,690.0,Prem,3.8,,3,
706,2026-06-05T13:09:35.479034,2026-06-05,Hyderabad,Vijayawada,13:30,18:00,750.0,Seshi,3.6,,3,
731,2026-06-05T13:10:03.877917,2026-06-05,Hyderabad,Warangal,13:30,16:00,400.0,N/A,,,3,
764,2026-06-05T13:10:35.281802,2026-06-05,Hyderabad,Kurnool,13:30,16:50,500.0,Lucky,3.0,,3,
707,2026-06-05T13:09:35.479034,2026-06-05,Hyderabad,Vijayawada,13:40,16:40,500.0,N/A,,,3,
765,2026-06-05T13:10:35.281802,2026-06-05,Hyderabad,Kurnool,13:50,16:20,620.0,N/A,,,3,
766,2026-06-05T13:10:35.281802,2026-06-05,Hyderabad,Kurnool,13:50,16:40,710.0,Bhuvaneswar Reddy,4.6,,3,
521,2026-06-05T09:15:34.288037,2026-06-05,Hyderabad,Vijayawada,14:00,19:10,660.0,Sairam,0.0,,3,
522,2026-06-05T09:15:34.288037,2026-06-05,Hyderabad,Vijayawada,14:00,19:00,800.0,Gottumukkala,4.7,,3,
612,2026-06-05T09:16:27.246774,2026-06-05,Hyderabad,Kurnool,14:00,16:40,500.0,N/A,,,3,
708,2026-06-05T13:09:35.479034,2026-06-05,Hyderabad,Vijayawada,14:00,19:00,640.0,Gottumukkala,4.7,,3,
709,2026-06-05T13:09:35.479034,2026-06-05,Hyderabad,Vijayawada,14:00,19:50,750.0,Yaswanth,3.0,,3,
710,2026-06-05T13:09:35.479034,2026-06-05,Hyderabad,Vijayawada,14:00,18:50,790.0,Santosh,4.0,,3,
711,2026-06-05T13:09:35.479034,2026-06-05,Hyderabad,Vijayawada,14:00,19:10,870.0,Sai,1.0,,3,
732,2026-06-05T13:10:03.877917,2026-06-05,Hyderabad,Warangal,14:00,15:50,440.0,Prasad,4.3,,3,
733,2026-06-05T13:10:03.877917,2026-06-05,Hyderabad,Warangal,14:00,16:50,470.0,N/A,,,3,
734,2026-06-05T13:10:03.877917,2026-06-05,Hyderabad,Warangal,14:00,17:10,500.0,N/A,,,3,
768,2026-06-05T13:10:35.281802,2026-06-05,Hyderabad,Kurnool,14:00,16:30,540.0,N/A,,,3,
770,2026-06-05T13:10:35.281802,2026-06-05,Hyderabad,Kurnool,14:00,17:10,590.0,N/A,,,3,
771,2026-06-05T13:10:35.281802,2026-06-05,Hyderabad,Kurnool,14:00,17:00,620.0,Palle,5.0,,3,
712,2026-06-05T13:09:35.479034,2026-06-05,Hyderabad,Vijayawada,14:20,19:00,500.0,N/A,,3.0,3,0.0
736,2026-06-05T13:10:03.877917,2026-06-05,Hyderabad,Warangal,14:20,16:10,440.0,Srinivas Ex Army,4.5,,3,
523,2026-06-05T09:15:34.288037,2026-06-05,Hyderabad,Vijayawada,14:30,17:20,610.0,N/A,,,3,
713,2026-06-05T13:09:35.479034,2026-06-05,Hyderabad,Vijayawada,14:30,19:50,800.0,Vamshi,5.0,,3,
737,2026-06-05T13:10:03.877917,2026-06-05,Hyderabad,Warangal,14:30,17:00,350.0,N/A,,,3,
738,2026-06-05T13:10:03.877917,2026-06-05,Hyderabad,Warangal,14:30,17:00,430.0,N/A,,,3,
772,2026-06-05T13:10:35.281802,2026-06-05,Hyderabad,Kurnool,14:30,17:50,480.0,Muzibur,4.6,,3,
773,2026-06-05T13:10:35.281802,2026-06-05,Hyderabad,Kurnool,14:30,18:00,500.0,N/A,,,3,
774,2026-06-05T13:10:35.281802,2026-06-05,Hyderabad,Kurnool,14:30,17:10,610.0,Ganesh,0.0,,3,
775,2026-06-05T13:10:35.281802,2026-06-05,Hyderabad,Kurnool,14:30,18:50,660.0,Madhu,5.0,,3,
714,2026-06-05T13:09:35.479034,2026-06-05,Hyderabad,Vijayawada,14:40,20:10,490.0,N/A,,,3,
776,2026-06-05T13:10:35.281802,2026-06-05,Hyderabad,Kurnool,14:40,18:10,600.0,N/A,,,3,
524,2026-06-05T09:15:34.288037,2026-06-05,Hyderabad,Vijayawada,14:50,20:20,900.0,N/A,,,3,
525,2026-06-05T09:15:34.288037,2026-06-05,Hyderabad,Vijayawada,15:00,19:00,720.0,N/A,,,3,
526,2026-06-05T09:15:34.288037,2026-06-05,Hyderabad,Vijayawada,15:00,19:40,730.0,Vishnu Vardhan,4.6,,3,
527,2026-06-05T09:15:34.288037,2026-06-05,Hyderabad,Vijayawada,15:00,19:30,790.0,N/A,,,3,
528,2026-06-05T09:15:34.288037,2026-06-05,Hyderabad,Vijayawada,15:00,20:10,800.0,N/A,,,3,
529,2026-06-05T09:15:34.288037,2026-06-05,Hyderabad,Vijayawada,15:00,20:00,800.0,Kalyana Chakravrthi,5.0,,3,
530,2026-06-05T09:15:34.288037,2026-06-05,Hyderabad,Vijayawada,15:00,20:00,800.0,Vamshi,5.0,,3,
531,2026-06-05T09:15:34.288037,2026-06-05,Hyderabad,Vijayawada,15:00,20:00,800.0,Bhargav,5.0,,3,
716,2026-06-05T13:09:35.479034,2026-06-05,Hyderabad,Vijayawada,15:00,20:20,650.0,Bhargav,5.0,,3,
717,2026-06-05T13:09:35.479034,2026-06-05,Hyderabad,Vijayawada,15:00,19:30,700.0,Suresh,4.0,,3,
718,2026-06-05T13:09:35.479034,2026-06-05,Hyderabad,Vijayawada,15:00,19:30,700.0,Kesani,5.0,,3,
721,2026-06-05T13:09:35.479034,2026-06-05,Hyderabad,Vijayawada,15:00,19:50,750.0,Skvali,4.7,,3,
726,2026-06-05T13:09:35.479034,2026-06-05,Hyderabad,Vijayawada,15:00,20:00,870.0,Kranthi,3.6,,3,
739,2026-06-05T13:10:03.877917,2026-06-05,Hyderabad,Warangal,15:00,17:00,430.0,Sampath,4.5,,3,
740,2026-06-05T13:10:03.877917,2026-06-05,Hyderabad,Warangal,15:00,11:20,460.0,Saikrishna,0.0,,3,
741,2026-06-05T13:10:03.877917,2026-06-05,Hyderabad,Warangal,15:00,18:00,500.0,Instant Booking,,,3,
742,2026-06-05T13:10:03.877917,2026-06-05,Hyderabad,Warangal,15:00,18:00,500.0,Nerella,0.0,,3,
743,2026-06-05T13:10:03.877917,2026-06-05,Hyderabad,Warangal,15:00,18:20,560.0,Sandeep,4.5,,3,
777,2026-06-05T13:10:35.281802,2026-06-05,Hyderabad,Kurnool,15:00,18:30,500.0,Bunny,3.7,,3,
778,2026-06-05T13:10:35.281802,2026-06-05,Hyderabad,Kurnool,15:00,18:50,510.0,Rajesh,4.0,,3,
779,2026-06-05T13:10:35.281802,2026-06-05,Hyderabad,Kurnool,15:00,18:30,550.0,Nikhin,4.8,,3,
780,2026-06-05T13:10:35.281802,2026-06-05,Hyderabad,Kurnool,15:00,18:30,550.0,N/A,,,3,
782,2026-06-05T13:10:35.281802,2026-06-05,Hyderabad,Kurnool,15:00,18:40,580.0,Srinivas Rao,4.9,,3,
783,2026-06-05T13:10:35.281802,2026-06-05,Hyderabad,Kurnool,15:00,17:30,600.0,N/A,,,3,
784,2026-06-05T13:10:35.281802,2026-06-05,Hyderabad,Kurnool,15:00,18:30,600.0,Pranay,5.0,,3,
786,2026-06-05T13:10:35.281802,2026-06-05,Hyderabad,Kurnool,15:00,17:40,600.0,Panyam,4.7,,3,
787,2026-06-05T13:10:35.281802,2026-06-05,Hyderabad,Kurnool,15:00,17:40,610.0,Ganesh,0.0,,3,
788,2026-06-05T13:10:35.281802,2026-06-05,Hyderabad,Kurnool,15:00,17:40,630.0,Siva,0.0,,3,
789,2026-06-05T13:10:35.281802,2026-06-05,Hyderabad,Kurnool,15:00,17:50,650.0,N/A,,,3,
791,2026-06-05T13:10:35.281802,2026-06-05,Hyderabad,Kurnool,15:10,18:50,600.0,Harsha,5.0,,3,
532,2026-06-05T09:15:34.288037,2026-06-05,Hyderabad,Vijayawada,15:20,21:30,770.0,N/A,,,3,
744,2026-06-05T13:10:03.877917,2026-06-05,Hyderabad,Warangal,15:20,17:30,400.0,N/A,,1.0,3,2.0
533,2026-06-05T09:15:34.288037,2026-06-05,Hyderabad,Vijayawada,15:30,20:50,770.0,N/A,,,3,
534,2026-06-05T09:15:34.288037,2026-06-05,Hyderabad,Vijayawada,15:30,21:30,800.0,N/A,,,3,
728,2026-06-05T13:09:35.479034,2026-06-05,Hyderabad,Vijayawada,15:30,19:50,780.0,N/A,,,3,
729,2026-06-05T13:09:35.479034,2026-06-05,Hyderabad,Vijayawada,15:30,19:30,910.0,N/A,,,3,
745,2026-06-05T13:10:03.877917,2026-06-05,Hyderabad,Warangal,15:30,11:30,340.0,N/A,,,3,
746,2026-06-05T13:10:03.877917,2026-06-05,Hyderabad,Warangal,15:30,17:40,520.0,N/A,,,3,
792,2026-06-05T13:10:35.281802,2026-06-05,Hyderabad,Kurnool,15:30,19:20,510.0,Rajesh,4.0,,3,
793,2026-06-05T13:10:35.281802,2026-06-05,Hyderabad,Kurnool,15:30,18:30,530.0,Cmr,4.3,,3,
794,2026-06-05T13:10:35.281802,2026-06-05,Hyderabad,Kurnool,15:30,19:00,550.0,N/A,,,3,
796,2026-06-05T13:10:35.281802,2026-06-05,Hyderabad,Kurnool,15:30,18:10,650.0,N/A,,,3,
535,2026-06-05T09:15:34.288037,2026-06-05,Hyderabad,Vijayawada,15:50,20:20,910.0,Ramesh,0.0,,3,
536,2026-06-05T09:15:34.288037,2026-06-05,Hyderabad,Vijayawada,15:50,19:40,950.0,Krishnareddy,5.0,,3,
537,2026-06-05T09:15:34.288037,2026-06-05,Hyderabad,Vijayawada,16:00,21:40,660.0,Robert,0.0,,3,
538,2026-06-05T09:15:34.288037,2026-06-05,Hyderabad,Vijayawada,16:00,20:10,690.0,Srinivasarao,0.0,,3,
539,2026-06-05T09:15:34.288037,2026-06-05,Hyderabad,Vijayawada,16:00,21:10,700.0,Jagadish,0.0,,3,
540,2026-06-05T09:15:34.288037,2026-06-05,Hyderabad,Vijayawada,16:00,21:20,700.0,Saichand,3.5,,3,
541,2026-06-05T09:15:34.288037,2026-06-05,Hyderabad,Vijayawada,16:00,20:30,770.0,Khaiser,4.7,,3,
542,2026-06-05T09:15:34.288037,2026-06-05,Hyderabad,Vijayawada,16:00,19:50,770.0,Naga,5.0,,3,
543,2026-06-05T09:15:34.288037,2026-06-05,Hyderabad,Vijayawada,16:00,22:00,840.0,N/A,,,3,
747,2026-06-05T13:10:03.877917,2026-06-05,Hyderabad,Warangal,16:00,18:40,330.0,N/A,,,3,
748,2026-06-05T13:10:03.877917,2026-06-05,Hyderabad,Warangal,16:00,19:40,400.0,N/A,,,3,
749,2026-06-05T13:10:03.877917,2026-06-05,Hyderabad,Warangal,16:00,18:30,420.0,N/A,,,3,
750,2026-06-05T13:10:03.877917,2026-06-05,Hyderabad,Warangal,16:00,18:10,450.0,N/A,,,3,
751,2026-06-05T13:10:03.877917,2026-06-05,Hyderabad,Warangal,16:00,19:20,550.0,Padmam,5.0,,3,
797,2026-06-05T13:10:35.281802,2026-06-05,Hyderabad,Kurnool,16:00,19:30,500.0,N/A,,,3,
798,2026-06-05T13:10:35.281802,2026-06-05,Hyderabad,Kurnool,16:00,20:10,500.0,Ajay,5.0,,3,
799,2026-06-05T13:10:35.281802,2026-06-05,Hyderabad,Kurnool,16:00,19:30,550.0,Shoroff,4.7,,3,
752,2026-06-05T13:10:03.877917,2026-06-05,Hyderabad,Warangal,16:10,18:50,320.0,N/A,,,3,
753,2026-06-05T13:10:03.877917,2026-06-05,Hyderabad,Warangal,16:10,18:40,350.0,N/A,,,3,
754,2026-06-05T13:10:03.877917,2026-06-05,Hyderabad,Warangal,16:30,18:50,350.0,N/A,,,3,
756,2026-06-05T13:10:03.877917,2026-06-05,Hyderabad,Warangal,16:30,19:10,550.0,Saikrishna,4.6,,3,
757,2026-06-05T13:10:03.877917,2026-06-05,Hyderabad,Warangal,16:30,19:50,550.0,Shiva,4.5,,3,
758,2026-06-05T13:10:03.877917,2026-06-05,Hyderabad,Warangal,16:40,20:00,600.0,Mergu,4.3,,3,
759,2026-06-05T13:10:03.877917,2026-06-05,Hyderabad,Warangal,16:50,18:40,380.0,N/A,,,3,
760,2026-06-05T13:10:03.877917,2026-06-05,Hyderabad,Warangal,17:00,19:30,330.0,N/A,,,3,
761,2026-06-05T13:10:03.877917,2026-06-05,Hyderabad,Warangal,17:00,19:30,350.0,N/A,,,3,
762,2026-06-05T13:10:03.877917,2026-06-05,Hyderabad,Warangal,17:00,19:10,350.0,Ravikanth Reddy,4.6,,3,
679,2026-06-05T09:17:54.349709,2026-06-05,Kurnool,Hyderabad,09:40,12:30,580.0,N/A,,,3,
680,2026-06-05T09:17:54.349709,2026-06-05,Kurnool,Hyderabad,09:50,13:20,450.0,N/A,,,3,
681,2026-06-05T09:17:54.349709,2026-06-05,Kurnool,Hyderabad,10:00,13:50,470.0,N/A,,,3,
682,2026-06-05T09:17:54.349709,2026-06-05,Kurnool,Hyderabad,10:00,13:30,500.0,Madhu,4.8,,3,
683,2026-06-05T09:17:54.349709,2026-06-05,Kurnool,Hyderabad,10:00,13:40,530.0,Nikhin,4.8,,3,
684,2026-06-05T09:17:54.349709,2026-06-05,Kurnool,Hyderabad,10:00,13:40,550.0,Shaik,0.0,,3,
685,2026-06-05T09:17:54.349709,2026-06-05,Kurnool,Hyderabad,10:10,14:00,480.0,Shiva,5.0,,3,
686,2026-06-05T09:17:54.349709,2026-06-05,Kurnool,Hyderabad,10:10,13:40,550.0,Raj,5.0,,3,
687,2026-06-05T09:17:54.349709,2026-06-05,Kurnool,Hyderabad,10:10,12:50,600.0,Rama,0.0,,3,
688,2026-06-05T09:17:54.349709,2026-06-05,Kurnool,Hyderabad,10:20,13:50,500.0,Vijay Yadav,4.5,,3,
689,2026-06-05T09:17:54.349709,2026-06-05,Kurnool,Hyderabad,10:30,14:10,500.0,Gopinath Reddy,3.7,,3,
690,2026-06-05T09:17:54.349709,2026-06-05,Kurnool,Hyderabad,10:50,14:30,500.0,Gopinath Reddy,3.7,,3,
691,2026-06-05T09:17:54.349709,2026-06-05,Kurnool,Hyderabad,11:00,15:00,500.0,N/A,,,3,
692,2026-06-05T09:17:54.349709,2026-06-05,Kurnool,Hyderabad,11:00,14:40,600.0,Kanth,5.0,,3,
693,2026-06-05T09:17:54.349709,2026-06-05,Kurnool,Hyderabad,11:10,13:40,520.0,N/A,,,3,
694,2026-06-05T09:17:54.349709,2026-06-05,Kurnool,Hyderabad,11:20,14:00,650.0,Hanish,0.0,,3,
695,2026-06-05T09:17:54.349709,2026-06-05,Kurnool,Hyderabad,11:30,15:10,500.0,Lucky,4.9,,3,
696,2026-06-05T09:17:54.349709,2026-06-05,Kurnool,Hyderabad,11:40,14:10,590.0,N/A,,,3,
697,2026-06-05T09:17:54.349709,2026-06-05,Kurnool,Hyderabad,12:00,15:30,500.0,Keshav,4.3,,3,
698,2026-06-05T09:17:54.349709,2026-06-05,Kurnool,Hyderabad,12:30,16:20,640.0,Mohan,4.0,,3,
699,2026-06-05T09:17:54.349709,2026-06-05,Kurnool,Hyderabad,13:00,15:30,610.0,N/A,,,3,
700,2026-06-05T09:17:54.349709,2026-06-05,Kurnool,Hyderabad,13:30,17:00,500.0,Prabhakar,4.9,,3,
701,2026-06-05T09:17:54.349709,2026-06-05,Kurnool,Hyderabad,13:30,17:10,500.0,Reddy,4.1,,3,
702,2026-06-05T09:17:54.349709,2026-06-05,Kurnool,Hyderabad,13:30,17:30,600.0,Raghunatha,4.6,,3,
885,2026-06-05T13:11:54.943023,2026-06-05,Kurnool,Hyderabad,13:50,17:10,670.0,N/A,,,3,
703,2026-06-05T09:17:54.349709,2026-06-05,Kurnool,Hyderabad,14:00,17:30,500.0,Shaik,4.5,,3,
886,2026-06-05T13:11:54.943023,2026-06-05,Kurnool,Hyderabad,14:00,16:40,500.0,N/A,,,3,
887,2026-06-05T13:11:54.943023,2026-06-05,Kurnool,Hyderabad,14:00,17:40,500.0,Sandadi,0.0,,3,
888,2026-06-05T13:11:54.943023,2026-06-05,Kurnool,Hyderabad,14:00,17:40,500.0,Unnam,4.7,,3,
890,2026-06-05T13:11:54.943023,2026-06-05,Kurnool,Hyderabad,14:00,17:40,500.0,Chinna,5.0,,3,
891,2026-06-05T13:11:54.943023,2026-06-05,Kurnool,Hyderabad,14:00,17:50,550.0,Naveen,3.5,,3,
892,2026-06-05T13:11:54.943023,2026-06-05,Kurnool,Hyderabad,14:00,18:20,660.0,N/A,,,3,
894,2026-06-05T13:11:54.943023,2026-06-05,Kurnool,Hyderabad,14:10,17:40,500.0,Shaik,0.0,,3,
895,2026-06-05T13:11:54.943023,2026-06-05,Kurnool,Hyderabad,14:20,18:10,480.0,Dhilip,4.0,,3,
896,2026-06-05T13:11:54.943023,2026-06-05,Kurnool,Hyderabad,14:20,17:50,500.0,Mohammed,4.8,,3,
897,2026-06-05T13:11:54.943023,2026-06-05,Kurnool,Hyderabad,14:20,18:00,500.0,Nani,4.1,,3,
898,2026-06-05T13:11:54.943023,2026-06-05,Kurnool,Hyderabad,14:20,17:50,500.0,Nivas,2.9,,3,
899,2026-06-05T13:11:54.943023,2026-06-05,Kurnool,Hyderabad,14:30,18:30,480.0,Udrush,0.0,,3,
900,2026-06-05T13:11:54.943023,2026-06-05,Kurnool,Hyderabad,14:30,18:10,500.0,Shaik,0.0,,3,
901,2026-06-05T13:11:54.943023,2026-06-05,Kurnool,Hyderabad,14:30,18:00,500.0,Sugnan,5.0,,3,
902,2026-06-05T13:11:54.943023,2026-06-05,Kurnool,Hyderabad,14:50,18:20,500.0,Nivas,2.9,,3,
903,2026-06-05T13:11:54.943023,2026-06-05,Kurnool,Hyderabad,15:00,18:40,490.0,Vallepu,4.9,,3,
904,2026-06-05T13:11:54.943023,2026-06-05,Kurnool,Hyderabad,15:00,18:30,500.0,Madhubabu,3.2,,3,
905,2026-06-05T13:11:54.943023,2026-06-05,Kurnool,Hyderabad,15:00,18:30,500.0,Jramakrishna,4.2,,3,
906,2026-06-05T13:11:54.943023,2026-06-05,Kurnool,Hyderabad,15:00,18:40,500.0,N/A,,,3,
907,2026-06-05T13:11:54.943023,2026-06-05,Kurnool,Hyderabad,15:00,18:40,500.0,Shaik,4.0,,3,
908,2026-06-05T13:11:54.943023,2026-06-05,Kurnool,Hyderabad,15:20,18:50,480.0,Instant Booking,,,3,
909,2026-06-05T13:11:54.943023,2026-06-05,Kurnool,Hyderabad,15:30,19:10,490.0,Vallepu,4.9,,3,
910,2026-06-05T13:11:54.943023,2026-06-05,Kurnool,Hyderabad,15:30,19:10,550.0,Reddy,4.6,,3,
911,2026-06-05T13:11:54.943023,2026-06-05,Kurnool,Hyderabad,15:50,18:40,620.0,Guru,3.7,,3,
912,2026-06-05T13:11:54.943023,2026-06-05,Kurnool,Hyderabad,15:50,18:20,630.0,Indrasena,5.0,,3,
913,2026-06-05T13:11:54.943023,2026-06-05,Kurnool,Hyderabad,16:00,19:30,480.0,Mohammed Imran,4.0,,3,
914,2026-06-05T13:11:54.943023,2026-06-05,Kurnool,Hyderabad,16:00,19:40,500.0,Gopi,5.0,,3,
915,2026-06-05T13:11:54.943023,2026-06-05,Kurnool,Hyderabad,16:00,20:20,660.0,N/A,,,3,
916,2026-06-05T13:11:54.943023,2026-06-05,Kurnool,Hyderabad,16:30,20:40,490.0,Ashok,0.0,,3,
917,2026-06-05T13:11:54.943023,2026-06-05,Kurnool,Hyderabad,16:30,20:00,500.0,Binnu,4.5,,3,
918,2026-06-05T13:11:54.943023,2026-06-05,Kurnool,Hyderabad,16:30,19:10,620.0,Srinivasarao,4.5,,3,
919,2026-06-05T13:11:54.943023,2026-06-05,Kurnool,Hyderabad,17:10,21:10,600.0,Reddy,4.2,,3,
920,2026-06-05T13:11:54.943023,2026-06-05,Kurnool,Hyderabad,17:20,20:00,650.0,Mahesh,4.5,,3,
921,2026-06-05T13:11:54.943023,2026-06-05,Kurnool,Hyderabad,17:30,21:00,460.0,N/A,,,3,
922,2026-06-05T13:11:54.943023,2026-06-05,Kurnool,Hyderabad,17:30,21:30,620.0,Bhanu,5.0,,3,
923,2026-06-05T13:11:54.943023,2026-06-05,Kurnool,Hyderabad,18:00,22:00,500.0,Mohammad,5.0,,3,
924,2026-06-05T13:11:54.943023,2026-06-05,Kurnool,Hyderabad,18:00,21:30,550.0,Narendra,4.0,,3,
925,2026-06-05T13:11:54.943023,2026-06-05,Kurnool,Hyderabad,18:40,21:10,620.0,Venktesh Waralu,2.8,,3,
926,2026-06-05T13:11:54.943023,2026-06-05,Kurnool,Hyderabad,18:50,21:20,620.0,Kshafi,4.2,,3,
927,2026-06-05T13:11:54.943023,2026-06-05,Kurnool,Hyderabad,18:50,21:20,620.0,Chandra,3.7,,3,
928,2026-06-05T13:11:54.943023,2026-06-05,Kurnool,Hyderabad,18:50,21:20,680.0,Shafi,4.1,,3,
929,2026-06-05T13:11:54.943023,2026-06-05,Kurnool,Hyderabad,19:00,22:20,670.0,N/A,,,3,
930,2026-06-05T13:11:54.943023,2026-06-05,Kurnool,Hyderabad,19:10,22:30,640.0,Venkat,0.0,,3,
613,2026-06-05T09:16:58.142584,2026-06-05,Vijayawada,Hyderabad,10:00,14:30,700.0,Gopi,5.0,,3,
614,2026-06-05T09:16:58.142584,2026-06-05,Vijayawada,Hyderabad,10:00,15:40,700.0,Sivaram,0.0,,3,
615,2026-06-05T09:16:58.142584,2026-06-05,Vijayawada,Hyderabad,10:00,15:00,810.0,N/A,,3.0,3,0.0
616,2026-06-05T09:16:58.142584,2026-06-05,Vijayawada,Hyderabad,10:00,15:50,860.0,Harsha,4.4,,3,
617,2026-06-05T09:16:58.142584,2026-06-05,Vijayawada,Hyderabad,10:30,14:30,820.0,Harsha,0.0,,3,
618,2026-06-05T09:16:58.142584,2026-06-05,Vijayawada,Hyderabad,10:50,15:20,590.0,N/A,,,3,
619,2026-06-05T09:16:58.142584,2026-06-05,Vijayawada,Hyderabad,11:00,15:30,650.0,Chakri,0.0,,3,
620,2026-06-05T09:16:58.142584,2026-06-05,Vijayawada,Hyderabad,11:00,16:50,700.0,Riaz,4.2,,3,
621,2026-06-05T09:16:58.142584,2026-06-05,Vijayawada,Hyderabad,11:00,14:30,700.0,Devarakonda,2.3,,3,
622,2026-06-05T09:16:58.142584,2026-06-05,Vijayawada,Hyderabad,11:00,17:10,770.0,Kanuri,0.0,,3,
623,2026-06-05T09:16:58.142584,2026-06-05,Vijayawada,Hyderabad,11:00,16:10,780.0,Reddy,4.0,,3,
624,2026-06-05T09:16:58.142584,2026-06-05,Vijayawada,Hyderabad,11:10,15:40,590.0,Kotha,5.0,,3,
625,2026-06-05T09:16:58.142584,2026-06-05,Vijayawada,Hyderabad,12:00,16:40,650.0,Rajesh,3.0,,3,
626,2026-06-05T09:16:58.142584,2026-06-05,Vijayawada,Hyderabad,12:00,16:40,660.0,Mallika,5.0,,3,
627,2026-06-05T09:16:58.142584,2026-06-05,Vijayawada,Hyderabad,12:00,16:00,700.0,Mahesh,5.0,,3,
628,2026-06-05T09:16:58.142584,2026-06-05,Vijayawada,Hyderabad,12:00,19:10,850.0,Dileep,5.0,,3,
629,2026-06-05T09:16:58.142584,2026-06-05,Vijayawada,Hyderabad,13:00,19:00,800.0,N/A,,2.0,3,1.0
630,2026-06-05T09:16:58.142584,2026-06-05,Vijayawada,Hyderabad,13:20,19:10,800.0,N/A,,,3,
631,2026-06-05T09:16:58.142584,2026-06-05,Vijayawada,Hyderabad,13:30,19:10,700.0,N/A,,2.0,3,1.0
632,2026-06-05T09:16:58.142584,2026-06-05,Vijayawada,Hyderabad,13:30,18:40,800.0,Siddharth,4.6,,3,
633,2026-06-05T09:16:58.142584,2026-06-05,Vijayawada,Hyderabad,13:30,18:00,860.0,N/A,,,3,
634,2026-06-05T09:16:58.142584,2026-06-05,Vijayawada,Hyderabad,13:30,18:50,880.0,Sampath,4.4,,3,
800,2026-06-05T13:11:01.689011,2026-06-05,Vijayawada,Hyderabad,13:30,17:00,590.0,Pavan,4.9,,3,
801,2026-06-05T13:11:01.689011,2026-06-05,Vijayawada,Hyderabad,13:30,17:40,650.0,Kittu,0.0,,3,
805,2026-06-05T13:11:01.689011,2026-06-05,Vijayawada,Hyderabad,13:50,18:20,590.0,Suresh,4.6,,3,
635,2026-06-05T09:16:58.142584,2026-06-05,Vijayawada,Hyderabad,14:00,19:30,800.0,N/A,,,3,
806,2026-06-05T13:11:01.689011,2026-06-05,Vijayawada,Hyderabad,14:00,20:40,650.0,John,0.0,,3,
808,2026-06-05T13:11:01.689011,2026-06-05,Vijayawada,Hyderabad,14:10,18:40,590.0,Suresh,4.6,,3,
809,2026-06-05T13:11:01.689011,2026-06-05,Vijayawada,Hyderabad,14:10,18:40,700.0,Gokul Chintu,0.0,,3,
810,2026-06-05T13:11:01.689011,2026-06-05,Vijayawada,Hyderabad,14:10,20:10,700.0,Prasad,0.0,,3,
811,2026-06-05T13:11:01.689011,2026-06-05,Vijayawada,Hyderabad,14:20,19:20,700.0,N/A,,,3,
812,2026-06-05T13:11:01.689011,2026-06-05,Vijayawada,Hyderabad,14:30,19:00,600.0,Mahendra,0.0,,3,
813,2026-06-05T13:11:01.689011,2026-06-05,Vijayawada,Hyderabad,14:30,19:00,700.0,Yadagiri,4.5,,3,
814,2026-06-05T13:11:01.689011,2026-06-05,Vijayawada,Hyderabad,14:40,18:00,640.0,Nabil,0.0,,3,
636,2026-06-05T09:16:58.142584,2026-06-05,Vijayawada,Hyderabad,15:00,19:30,690.0,Hithesh,4.6,,3,
815,2026-06-05T13:11:01.689011,2026-06-05,Vijayawada,Hyderabad,15:00,18:40,500.0,Shaik,3.0,,3,
816,2026-06-05T13:11:01.689011,2026-06-05,Vijayawada,Hyderabad,15:00,19:30,700.0,Rohit,5.0,,3,
637,2026-06-05T09:16:58.142584,2026-06-05,Vijayawada,Hyderabad,15:20,18:50,710.0,Naveen,4.0,,3,
817,2026-06-05T13:11:01.689011,2026-06-05,Vijayawada,Hyderabad,15:20,22:10,890.0,N/A,,,3,
638,2026-06-05T09:16:58.142584,2026-06-05,Vijayawada,Hyderabad,15:30,20:50,700.0,Ravi,4.9,,3,
639,2026-06-05T09:16:58.142584,2026-06-05,Vijayawada,Hyderabad,15:30,20:00,700.0,Nageswararao,4.6,,3,
818,2026-06-05T13:11:01.689011,2026-06-05,Vijayawada,Hyderabad,15:30,20:00,610.0,Safe Cab Journey,1.0,,3,
821,2026-06-05T13:11:01.689011,2026-06-05,Vijayawada,Hyderabad,15:30,20:00,700.0,Blossom,4.5,,3,
640,2026-06-05T09:16:58.142584,2026-06-05,Vijayawada,Hyderabad,16:00,22:10,600.0,Ds,5.0,,3,
641,2026-06-05T09:16:58.142584,2026-06-05,Vijayawada,Hyderabad,16:00,22:30,800.0,Suresh,4.8,,3,
642,2026-06-05T09:16:58.142584,2026-06-05,Vijayawada,Hyderabad,16:00,22:50,840.0,N/A,,,3,
643,2026-06-05T09:16:58.142584,2026-06-05,Vijayawada,Hyderabad,16:00,22:30,900.0,Venkatajanakiramaiah,4.6,,3,
644,2026-06-05T09:16:58.142584,2026-06-05,Vijayawada,Hyderabad,16:00,22:30,900.0,Venkat,3.4,,3,
822,2026-06-05T13:11:01.689011,2026-06-05,Vijayawada,Hyderabad,16:00,22:00,650.0,Prasad,0.0,,3,
823,2026-06-05T13:11:01.689011,2026-06-05,Vijayawada,Hyderabad,16:00,20:40,650.0,Blossom,4.5,,3,
824,2026-06-05T13:11:01.689011,2026-06-05,Vijayawada,Hyderabad,16:00,21:20,700.0,Ks,1.0,,3,
825,2026-06-05T13:11:01.689011,2026-06-05,Vijayawada,Hyderabad,16:00,22:50,700.0,N/A,,,3,
827,2026-06-05T13:11:01.689011,2026-06-05,Vijayawada,Hyderabad,16:00,20:00,850.0,Rambabu,4.0,,3,
645,2026-06-05T09:16:58.142584,2026-06-05,Vijayawada,Hyderabad,16:20,22:00,780.0,Rajasekhar,5.0,,3,
646,2026-06-05T09:16:58.142584,2026-06-05,Vijayawada,Hyderabad,16:30,22:40,600.0,Krishna,5.0,,3,
829,2026-06-05T13:11:01.689011,2026-06-05,Vijayawada,Hyderabad,16:30,20:20,780.0,Sandeep,4.3,,3,
830,2026-06-05T13:11:01.689011,2026-06-05,Vijayawada,Hyderabad,16:30,23:10,800.0,Kirankumar,5.0,,3,
831,2026-06-05T13:11:01.689011,2026-06-05,Vijayawada,Hyderabad,16:50,22:30,960.0,Venkatajanakiramaiah,4.6,,3,
647,2026-06-05T09:16:58.142584,2026-06-05,Vijayawada,Hyderabad,17:00,20:40,700.0,Chaitu,0.0,,3,
648,2026-06-05T09:16:58.142584,2026-06-05,Vijayawada,Hyderabad,17:00,20:30,830.0,N/A,,,3,
832,2026-06-05T13:11:01.689011,2026-06-05,Vijayawada,Hyderabad,17:00,23:20,600.0,Sri Varun,4.8,,3,
833,2026-06-05T13:11:01.689011,2026-06-05,Vijayawada,Hyderabad,17:00,21:30,650.0,Blossom,4.5,,3,
836,2026-06-05T13:11:01.689011,2026-06-05,Vijayawada,Hyderabad,17:20,23:00,780.0,Rajasekhar,5.0,,3,
649,2026-06-05T09:16:58.142584,2026-06-05,Vijayawada,Hyderabad,17:30,23:50,720.0,Vidyadhar,4.8,,3,
650,2026-06-05T09:16:58.142584,2026-06-05,Vijayawada,Hyderabad,18:00,23:00,650.0,John,0.0,,3,
837,2026-06-05T13:11:01.689011,2026-06-05,Vijayawada,Hyderabad,18:00,23:00,650.0,N/A,,,3,
839,2026-06-05T13:11:01.689011,2026-06-05,Vijayawada,Hyderabad,18:00,23:00,700.0,Ravi Babu,4.5,,3,
840,2026-06-05T13:11:01.689011,2026-06-05,Vijayawada,Hyderabad,18:20,23:30,750.0,N/A,,,3,
841,2026-06-05T13:11:01.689011,2026-06-05,Vijayawada,Hyderabad,18:30,22:10,770.0,Naveen,4.9,,3,
651,2026-06-05T09:16:58.142584,2026-06-05,Vijayawada,Hyderabad,18:40,22:50,680.0,Manikanta,5.0,,3,
842,2026-06-05T13:11:01.689011,2026-06-05,Vijayawada,Hyderabad,18:40,22:20,780.0,Manikanta,5.0,,3,
652,2026-06-05T09:16:58.142584,2026-06-05,Vijayawada,Hyderabad,19:30,00:00,670.0,N/A,,,3,
843,2026-06-05T13:11:01.689011,2026-06-05,Vijayawada,Hyderabad,19:30,00:00,570.0,Ram Mohan Reddy,0.0,,3,
844,2026-06-05T13:11:01.689011,2026-06-05,Vijayawada,Hyderabad,19:30,23:40,750.0,Sai,0.0,,3,
653,2026-06-05T09:16:58.142584,2026-06-05,Vijayawada,Hyderabad,20:00,23:50,780.0,Bolla Uma,5.0,,3,
654,2026-06-05T09:17:24.821417,2026-06-05,Warangal,Hyderabad,09:40,12:20,350.0,Bura,4.5,,3,
655,2026-06-05T09:17:24.821417,2026-06-05,Warangal,Hyderabad,09:40,13:30,620.0,Harikrishna,3.5,,3,
656,2026-06-05T09:17:24.821417,2026-06-05,Warangal,Hyderabad,10:00,12:40,350.0,Krishna,4.7,,3,
657,2026-06-05T09:17:24.821417,2026-06-05,Warangal,Hyderabad,10:00,12:40,410.0,Harshith,0.0,,3,
658,2026-06-05T09:17:24.821417,2026-06-05,Warangal,Hyderabad,10:10,12:50,350.0,Sai,1.0,,3,
659,2026-06-05T09:17:24.821417,2026-06-05,Warangal,Hyderabad,10:10,12:50,350.0,Bura,4.5,,3,
660,2026-06-05T09:17:24.821417,2026-06-05,Warangal,Hyderabad,10:10,13:20,410.0,Anudeep,4.8,,3,
661,2026-06-05T09:17:24.821417,2026-06-05,Warangal,Hyderabad,10:10,12:50,430.0,Naresh,5.0,,3,
662,2026-06-05T09:17:24.821417,2026-06-05,Warangal,Hyderabad,10:10,13:20,500.0,N/A,,,3,
663,2026-06-05T09:17:24.821417,2026-06-05,Warangal,Hyderabad,10:20,13:00,330.0,Suruguri,2.7,,3,
664,2026-06-05T09:17:24.821417,2026-06-05,Warangal,Hyderabad,10:30,13:10,350.0,Sravan Kumar,4.4,,3,
665,2026-06-05T09:17:24.821417,2026-06-05,Warangal,Hyderabad,10:30,12:10,390.0,Nagarjun,0.0,,3,
666,2026-06-05T09:17:24.821417,2026-06-05,Warangal,Hyderabad,10:30,12:40,550.0,Ravi,4.9,,3,
667,2026-06-05T09:17:24.821417,2026-06-05,Warangal,Hyderabad,10:50,13:00,300.0,Shivakrishna,0.0,,3,
668,2026-06-05T09:17:24.821417,2026-06-05,Warangal,Hyderabad,10:50,14:00,470.0,Rafi,4.6,,3,
669,2026-06-05T09:17:24.821417,2026-06-05,Warangal,Hyderabad,11:00,13:40,320.0,Aadi,4.0,,3,
670,2026-06-05T09:17:24.821417,2026-06-05,Warangal,Hyderabad,11:00,13:20,350.0,Shova,5.0,,3,
671,2026-06-05T09:17:24.821417,2026-06-05,Warangal,Hyderabad,11:00,13:40,400.0,Raju,4.8,,3,
672,2026-06-05T09:17:24.821417,2026-06-05,Warangal,Hyderabad,11:00,13:40,400.0,Pradeep,0.0,,3,
673,2026-06-05T09:17:24.821417,2026-06-05,Warangal,Hyderabad,11:00,14:20,500.0,N/A,,,3,
674,2026-06-05T09:17:24.821417,2026-06-05,Warangal,Hyderabad,11:20,14:10,460.0,Gagan,5.0,,3,
675,2026-06-05T09:17:24.821417,2026-06-05,Warangal,Hyderabad,11:30,14:30,340.0,N/A,,3.0,3,0.0
676,2026-06-05T09:17:24.821417,2026-06-05,Warangal,Hyderabad,11:30,13:10,340.0,Nagarjun,0.0,,3,
677,2026-06-05T09:17:24.821417,2026-06-05,Warangal,Hyderabad,11:30,14:10,350.0,Ramprasad,4.6,,3,
678,2026-06-05T09:17:24.821417,2026-06-05,Warangal,Hyderabad,11:40,14:00,540.0,Kvr Travels,3.4,,3,
845,2026-06-05T13:11:24.581967,2026-06-05,Warangal,Hyderabad,13:30,16:10,300.0,Venkatesh,3.5,,3,
846,2026-06-05T13:11:24.581967,2026-06-05,Warangal,Hyderabad,13:30,16:10,400.0,Benny,4.7,,3,
847,2026-06-05T13:11:24.581967,2026-06-05,Warangal,Hyderabad,13:30,15:10,410.0,Kranti,4.1,,3,
848,2026-06-05T13:11:24.581967,2026-06-05,Warangal,Hyderabad,13:30,16:40,450.0,N/A,,,3,
849,2026-06-05T13:11:24.581967,2026-06-05,Warangal,Hyderabad,13:30,17:00,550.0,Harikrishna,3.4,,3,
850,2026-06-05T13:11:24.581967,2026-06-05,Warangal,Hyderabad,13:40,16:20,350.0,Harish,0.0,,3,
851,2026-06-05T13:11:24.581967,2026-06-05,Warangal,Hyderabad,13:50,17:10,420.0,Rishik,4.0,,3,
852,2026-06-05T13:11:24.581967,2026-06-05,Warangal,Hyderabad,14:00,16:40,300.0,Venkatesh,3.5,,3,
853,2026-06-05T13:11:24.581967,2026-06-05,Warangal,Hyderabad,14:00,16:40,330.0,Suruguri,2.7,,3,
854,2026-06-05T13:11:24.581967,2026-06-05,Warangal,Hyderabad,14:00,16:40,340.0,Srinivas,3.0,,3,
855,2026-06-05T13:11:24.581967,2026-06-05,Warangal,Hyderabad,14:00,16:40,340.0,Srinivasu,5.0,,3,
856,2026-06-05T13:11:24.581967,2026-06-05,Warangal,Hyderabad,14:00,15:50,400.0,Naresh,5.0,,3,
857,2026-06-05T13:11:24.581967,2026-06-05,Warangal,Hyderabad,14:00,17:10,560.0,N/A,,,3,
858,2026-06-05T13:11:24.581967,2026-06-05,Warangal,Hyderabad,15:00,17:40,330.0,Sridhar,5.0,,3,
859,2026-06-05T13:11:24.581967,2026-06-05,Warangal,Hyderabad,15:00,17:40,380.0,Naresh,2.3,,3,
860,2026-06-05T13:11:24.581967,2026-06-05,Warangal,Hyderabad,15:00,17:40,400.0,Mohammed,5.0,,3,
861,2026-06-05T13:11:24.581967,2026-06-05,Warangal,Hyderabad,15:00,18:20,510.0,N/A,,,3,
862,2026-06-05T13:11:24.581967,2026-06-05,Warangal,Hyderabad,15:10,17:50,350.0,Raju,4.2,,3,
863,2026-06-05T13:11:24.581967,2026-06-05,Warangal,Hyderabad,15:10,18:30,550.0,N/A,,,3,
864,2026-06-05T13:11:24.581967,2026-06-05,Warangal,Hyderabad,15:20,18:10,350.0,Raj,4.3,,3,
865,2026-06-05T13:11:24.581967,2026-06-05,Warangal,Hyderabad,15:30,18:10,350.0,Raju,4.2,,3,
866,2026-06-05T13:11:24.581967,2026-06-05,Warangal,Hyderabad,15:30,18:20,500.0,N/A,,,3,
867,2026-06-05T13:11:24.581967,2026-06-05,Warangal,Hyderabad,15:40,18:30,350.0,Raj,4.3,,3,
868,2026-06-05T13:11:24.581967,2026-06-05,Warangal,Hyderabad,15:50,18:10,540.0,Kapil Raj,4.0,,3,
869,2026-06-05T13:11:24.581967,2026-06-05,Warangal,Hyderabad,16:00,17:50,350.0,Raju,4.2,,3,
870,2026-06-05T13:11:24.581967,2026-06-05,Warangal,Hyderabad,16:00,19:20,380.0,Alupula,4.6,,3,
871,2026-06-05T13:11:24.581967,2026-06-05,Warangal,Hyderabad,16:00,19:40,450.0,Abhilash,0.0,,3,
872,2026-06-05T13:11:24.581967,2026-06-05,Warangal,Hyderabad,16:00,19:10,450.0,N/A,,,3,
873,2026-06-05T13:11:24.581967,2026-06-05,Warangal,Hyderabad,16:00,19:20,500.0,Narshimha,3.0,,3,
874,2026-06-05T13:11:24.581967,2026-06-05,Warangal,Hyderabad,16:00,19:10,520.0,N/A,,,3,
875,2026-06-05T13:11:24.581967,2026-06-05,Warangal,Hyderabad,16:10,18:00,380.0,Kishan,4.7,,3,
876,2026-06-05T13:11:24.581967,2026-06-05,Warangal,Hyderabad,16:30,17:50,300.0,Kishan,4.7,,3,
877,2026-06-05T13:11:24.581967,2026-06-05,Warangal,Hyderabad,16:30,18:20,350.0,Muni Kiran,4.9,,3,
878,2026-06-05T13:11:24.581967,2026-06-05,Warangal,Hyderabad,16:30,19:10,350.0,Santhosh,3.7,,3,
879,2026-06-05T13:11:24.581967,2026-06-05,Warangal,Hyderabad,16:30,19:10,350.0,Sidhu,4.2,,3,
880,2026-06-05T13:11:24.581967,2026-06-05,Warangal,Hyderabad,16:30,19:10,350.0,Ajay Reddy,5.0,,3,
881,2026-06-05T13:11:24.581967,2026-06-05,Warangal,Hyderabad,16:30,18:30,400.0,Kiran,5.0,,3,
882,2026-06-05T13:11:24.581967,2026-06-05,Warangal,Hyderabad,16:30,18:50,520.0,N/A,,,3,
883,2026-06-05T13:11:24.581967,2026-06-05,Warangal,Hyderabad,17:00,19:40,330.0,Santhosh,3.7,,3,
931,2026-06-06T10:42:45.355272,2026-06-06,Hyderabad,Vijayawada,11:00,17:50,600.0,Muralikrishna,5.0,,3,
932,2026-06-06T10:42:45.355272,2026-06-06,Hyderabad,Vijayawada,11:00,17:20,650.0,N/A,,,3,
933,2026-06-06T10:42:45.355272,2026-06-06,Hyderabad,Vijayawada,11:00,17:10,650.0,Mallika,5.0,,3,
934,2026-06-06T10:42:45.355272,2026-06-06,Hyderabad,Vijayawada,11:00,17:30,700.0,Kirankumar,5.0,,3,
935,2026-06-06T10:42:45.355272,2026-06-06,Hyderabad,Vijayawada,11:00,15:20,710.0,Doctor Anil,5.0,,3,
936,2026-06-06T10:42:45.355272,2026-06-06,Hyderabad,Vijayawada,11:00,14:20,770.0,Abhiram,0.0,,3,
970,2026-06-06T10:43:15.431201,2026-06-06,Hyderabad,Warangal,11:00,12:50,300.0,Sandeep,5.0,,3,
971,2026-06-06T10:43:15.431201,2026-06-06,Hyderabad,Warangal,11:00,13:00,350.0,N/A,,,3,
972,2026-06-06T10:43:15.431201,2026-06-06,Hyderabad,Warangal,11:00,13:00,380.0,Shiva Kumar,3.3,,3,
973,2026-06-06T10:43:15.431201,2026-06-06,Hyderabad,Warangal,11:00,14:00,400.0,N/A,,,3,
975,2026-06-06T10:43:15.431201,2026-06-06,Hyderabad,Warangal,11:00,12:50,440.0,N/A,,,3,
976,2026-06-06T10:43:15.431201,2026-06-06,Hyderabad,Warangal,11:00,14:10,500.0,Yadav,5.0,,3,
977,2026-06-06T10:43:15.431201,2026-06-06,Hyderabad,Warangal,11:00,14:10,560.0,N/A,,1.0,3,2.0
1024,2026-06-06T10:43:42.236022,2026-06-06,Hyderabad,Kurnool,11:00,14:30,490.0,Vallepu,4.9,,3,
1025,2026-06-06T10:43:42.236022,2026-06-06,Hyderabad,Kurnool,11:00,14:10,590.0,Ramanath,0.0,,3,
1026,2026-06-06T10:43:42.236022,2026-06-06,Hyderabad,Kurnool,11:00,13:30,620.0,N/A,,,3,
978,2026-06-06T10:43:15.431201,2026-06-06,Hyderabad,Warangal,11:10,13:20,520.0,N/A,,,3,
937,2026-06-06T10:42:45.355272,2026-06-06,Hyderabad,Vijayawada,11:20,17:30,650.0,Mallika,5.0,,3,
938,2026-06-06T10:42:45.355272,2026-06-06,Hyderabad,Vijayawada,11:20,15:10,790.0,Pavankumar,5.0,,3,
979,2026-06-06T10:43:15.431201,2026-06-06,Hyderabad,Warangal,11:20,14:40,520.0,Raju,5.0,,3,
1027,2026-06-06T10:43:42.236022,2026-06-06,Hyderabad,Kurnool,11:20,14:50,500.0,Sampati,3.9,,3,
939,2026-06-06T10:42:45.355272,2026-06-06,Hyderabad,Vijayawada,11:30,14:50,690.0,Kishorebabu,4.4,,3,
940,2026-06-06T10:42:45.355272,2026-06-06,Hyderabad,Vijayawada,11:30,17:40,700.0,Dhana,5.0,,3,
981,2026-06-06T10:43:15.431201,2026-06-06,Hyderabad,Warangal,11:30,14:40,330.0,N/A,,,3,
982,2026-06-06T10:43:15.431201,2026-06-06,Hyderabad,Warangal,11:30,13:40,360.0,Shiva Kumar,3.3,,3,
983,2026-06-06T10:43:15.431201,2026-06-06,Hyderabad,Warangal,11:30,13:40,380.0,N/A,,,3,
984,2026-06-06T10:43:15.431201,2026-06-06,Hyderabad,Warangal,11:30,14:30,410.0,N/A,,,3,
985,2026-06-06T10:43:15.431201,2026-06-06,Hyderabad,Warangal,11:30,14:50,500.0,N/A,,,3,
986,2026-06-06T10:43:15.431201,2026-06-06,Hyderabad,Warangal,11:30,14:40,520.0,N/A,,,3,
987,2026-06-06T10:43:15.431201,2026-06-06,Hyderabad,Warangal,11:30,14:50,580.0,N/A,,,3,
1028,2026-06-06T10:43:42.236022,2026-06-06,Hyderabad,Kurnool,11:30,15:00,500.0,N/A,,,3,
1029,2026-06-06T10:43:42.236022,2026-06-06,Hyderabad,Kurnool,11:30,14:20,570.0,Jaithwala,0.0,,3,
1030,2026-06-06T10:43:42.236022,2026-06-06,Hyderabad,Kurnool,11:30,14:00,620.0,N/A,,,3,
941,2026-06-06T10:42:45.355272,2026-06-06,Hyderabad,Vijayawada,11:40,15:30,780.0,Pavankumar,5.0,,3,
1031,2026-06-06T10:43:42.236022,2026-06-06,Hyderabad,Kurnool,11:40,15:10,500.0,Bunny,3.3,,3,
942,2026-06-06T10:42:45.355272,2026-06-06,Hyderabad,Vijayawada,11:50,15:30,800.0,Charan,0.0,,3,
1032,2026-06-06T10:43:42.236022,2026-06-06,Hyderabad,Kurnool,11:50,15:20,500.0,N/A,,,3,
943,2026-06-06T10:42:45.355272,2026-06-06,Hyderabad,Vijayawada,12:00,17:20,750.0,Johnson,3.7,,3,
944,2026-06-06T10:42:45.355272,2026-06-06,Hyderabad,Vijayawada,12:00,16:10,820.0,Surya,4.9,,3,
945,2026-06-06T10:42:45.355272,2026-06-06,Hyderabad,Vijayawada,12:00,17:30,830.0,Ajay,2.5,,3,
946,2026-06-06T10:42:45.355272,2026-06-06,Hyderabad,Vijayawada,12:00,16:30,850.0,Vikas,4.8,,3,
947,2026-06-06T10:42:45.355272,2026-06-06,Hyderabad,Vijayawada,12:00,16:20,850.0,N/A,,,3,
988,2026-06-06T10:43:15.431201,2026-06-06,Hyderabad,Warangal,12:00,14:30,330.0,N/A,,,3,
989,2026-06-06T10:43:15.431201,2026-06-06,Hyderabad,Warangal,12:00,14:30,350.0,N/A,,,3,
990,2026-06-06T10:43:15.431201,2026-06-06,Hyderabad,Warangal,12:00,14:00,350.0,Hari Travels,0.0,,3,
991,2026-06-06T10:43:15.431201,2026-06-06,Hyderabad,Warangal,12:00,13:50,370.0,N/A,,,3,
992,2026-06-06T10:43:15.431201,2026-06-06,Hyderabad,Warangal,12:00,15:00,420.0,Karthi,4.7,,3,
993,2026-06-06T10:43:15.431201,2026-06-06,Hyderabad,Warangal,12:00,14:00,430.0,Ojja,0.0,,3,
994,2026-06-06T10:43:15.431201,2026-06-06,Hyderabad,Warangal,12:00,15:10,490.0,Yadav,5.0,,3,
995,2026-06-06T10:43:15.431201,2026-06-06,Hyderabad,Warangal,12:00,14:50,500.0,N/A,,,3,
997,2026-06-06T10:43:15.431201,2026-06-06,Hyderabad,Warangal,12:00,15:00,550.0,N/A,,,3,
1033,2026-06-06T10:43:42.236022,2026-06-06,Hyderabad,Kurnool,12:00,15:30,550.0,Shaik,0.0,,3,
1034,2026-06-06T10:43:42.236022,2026-06-06,Hyderabad,Kurnool,12:00,14:30,600.0,N/A,,,3,
1035,2026-06-06T10:43:42.236022,2026-06-06,Hyderabad,Kurnool,12:00,15:30,600.0,Vikram,4.3,,3,
1036,2026-06-06T10:43:42.236022,2026-06-06,Hyderabad,Kurnool,12:00,14:40,610.0,N/A,,,3,
998,2026-06-06T10:43:15.431201,2026-06-06,Hyderabad,Warangal,12:20,15:30,500.0,N/A,,,3,
999,2026-06-06T10:43:15.431201,2026-06-06,Hyderabad,Warangal,12:20,15:40,550.0,N/A,,,3,
948,2026-06-06T10:42:45.355272,2026-06-06,Hyderabad,Vijayawada,12:30,17:00,680.0,Sree,1.0,,3,
949,2026-06-06T10:42:45.355272,2026-06-06,Hyderabad,Vijayawada,12:30,16:30,700.0,Sivaram,0.0,,3,
950,2026-06-06T10:42:45.355272,2026-06-06,Hyderabad,Vijayawada,12:30,16:10,830.0,Dasum,0.0,,3,
1000,2026-06-06T10:43:15.431201,2026-06-06,Hyderabad,Warangal,12:30,15:00,350.0,N/A,,3.0,3,0.0
1037,2026-06-06T10:43:42.236022,2026-06-06,Hyderabad,Kurnool,12:30,15:00,620.0,N/A,,,3,
1038,2026-06-06T10:43:42.236022,2026-06-06,Hyderabad,Kurnool,12:30,15:10,620.0,Ejaz,2.4,,3,
1001,2026-06-06T10:43:15.431201,2026-06-06,Hyderabad,Warangal,12:50,15:40,450.0,N/A,,,3,
951,2026-06-06T10:42:45.355272,2026-06-06,Hyderabad,Vijayawada,13:00,16:20,600.0,N/A,,,3,
952,2026-06-06T10:42:45.355272,2026-06-06,Hyderabad,Vijayawada,13:00,19:20,700.0,Johnson,5.0,,3,
953,2026-06-06T10:42:45.355272,2026-06-06,Hyderabad,Vijayawada,13:00,18:40,800.0,N/A,,,3,
954,2026-06-06T10:42:45.355272,2026-06-06,Hyderabad,Vijayawada,13:00,17:10,930.0,Rachakonda,5.0,,3,
1002,2026-06-06T10:43:15.431201,2026-06-06,Hyderabad,Warangal,13:00,16:20,360.0,N/A,,,3,
1003,2026-06-06T10:43:15.431201,2026-06-06,Hyderabad,Warangal,13:00,16:10,410.0,Prakash,4.2,,3,
1004,2026-06-06T10:43:15.431201,2026-06-06,Hyderabad,Warangal,13:00,16:10,540.0,N/A,,,3,
1005,2026-06-06T10:43:15.431201,2026-06-06,Hyderabad,Warangal,13:00,16:20,560.0,N/A,,1.0,3,2.0
1039,2026-06-06T10:43:42.236022,2026-06-06,Hyderabad,Kurnool,13:00,16:30,620.0,Pushyamitra,5.0,,3,
1040,2026-06-06T10:43:42.236022,2026-06-06,Hyderabad,Kurnool,13:10,15:50,600.0,N/A,,,3,
1041,2026-06-06T10:43:42.236022,2026-06-06,Hyderabad,Kurnool,13:10,15:40,620.0,N/A,,,3,
955,2026-06-06T10:42:45.355272,2026-06-06,Hyderabad,Vijayawada,13:20,17:20,800.0,Sreenivasulu Reddy,5.0,,3,
956,2026-06-06T10:42:45.355272,2026-06-06,Hyderabad,Vijayawada,13:30,16:40,500.0,N/A,,,3,
957,2026-06-06T10:42:45.355272,2026-06-06,Hyderabad,Vijayawada,13:30,19:30,750.0,Johnson,3.7,,3,
958,2026-06-06T10:42:45.355272,2026-06-06,Hyderabad,Vijayawada,13:30,19:10,850.0,N/A,,,3,
1006,2026-06-06T10:43:15.431201,2026-06-06,Hyderabad,Warangal,13:30,17:00,490.0,Raju,0.0,,3,
1007,2026-06-06T10:43:15.431201,2026-06-06,Hyderabad,Warangal,13:30,17:10,550.0,Nagaraju,4.3,,3,
1042,2026-06-06T10:43:42.236022,2026-06-06,Hyderabad,Kurnool,13:30,15:50,400.0,Madhu Sekhar,4.8,,3,
1043,2026-06-06T10:43:42.236022,2026-06-06,Hyderabad,Kurnool,13:30,17:00,540.0,Nikhin,4.9,,3,
1044,2026-06-06T10:43:42.236022,2026-06-06,Hyderabad,Kurnool,13:30,16:20,590.0,N/A,,,3,
1045,2026-06-06T10:43:42.236022,2026-06-06,Hyderabad,Kurnool,13:30,16:10,680.0,Vemala,4.0,,3,
1008,2026-06-06T10:43:15.431201,2026-06-06,Hyderabad,Warangal,13:40,17:20,550.0,Teju,4.6,,3,
1046,2026-06-06T10:43:42.236022,2026-06-06,Hyderabad,Kurnool,13:40,17:00,500.0,N/A,,,3,
959,2026-06-06T10:42:45.355272,2026-06-06,Hyderabad,Vijayawada,14:00,17:30,580.0,Chaitanya,0.0,,3,
960,2026-06-06T10:42:45.355272,2026-06-06,Hyderabad,Vijayawada,14:00,18:30,700.0,N/A,,,3,
961,2026-06-06T10:42:45.355272,2026-06-06,Hyderabad,Vijayawada,14:00,19:00,700.0,Sandeep,0.0,,3,
962,2026-06-06T10:42:45.355272,2026-06-06,Hyderabad,Vijayawada,14:00,19:00,850.0,Manoj,4.4,,3,
963,2026-06-06T10:42:45.355272,2026-06-06,Hyderabad,Vijayawada,14:00,21:00,900.0,Raja,5.0,,3,
1009,2026-06-06T10:43:15.431201,2026-06-06,Hyderabad,Warangal,14:00,16:30,350.0,N/A,,,3,
1010,2026-06-06T10:43:15.431201,2026-06-06,Hyderabad,Warangal,14:00,16:40,430.0,N/A,,,3,
1011,2026-06-06T10:43:15.431201,2026-06-06,Hyderabad,Warangal,14:00,17:30,470.0,N/A,,,3,
1013,2026-06-06T10:43:15.431201,2026-06-06,Hyderabad,Warangal,14:00,17:20,500.0,Gollapelli,4.0,,3,
1014,2026-06-06T10:43:15.431201,2026-06-06,Hyderabad,Warangal,14:00,17:00,510.0,N/A,,,3,
1047,2026-06-06T10:43:42.236022,2026-06-06,Hyderabad,Kurnool,14:00,17:30,500.0,Shaik,0.0,,3,
1049,2026-06-06T10:43:42.236022,2026-06-06,Hyderabad,Kurnool,14:00,18:10,550.0,Vijay,5.0,,3,
1050,2026-06-06T10:43:42.236022,2026-06-06,Hyderabad,Kurnool,14:00,17:30,600.0,N/A,,,3,
1052,2026-06-06T10:43:42.236022,2026-06-06,Hyderabad,Kurnool,14:00,17:50,620.0,Mohan Reddy,4.9,,3,
1053,2026-06-06T10:43:42.236022,2026-06-06,Hyderabad,Kurnool,14:00,16:40,630.0,N/A,,,3,
1054,2026-06-06T10:43:42.236022,2026-06-06,Hyderabad,Kurnool,14:00,17:00,670.0,N/A,,,3,
1055,2026-06-06T10:43:42.236022,2026-06-06,Hyderabad,Kurnool,14:00,16:50,770.0,N/A,,,3,
1056,2026-06-06T10:43:42.236022,2026-06-06,Hyderabad,Kurnool,14:20,17:50,600.0,N/A,,,3,
1015,2026-06-06T10:43:15.431201,2026-06-06,Hyderabad,Warangal,14:30,17:20,510.0,N/A,,,3,
1057,2026-06-06T10:43:42.236022,2026-06-06,Hyderabad,Kurnool,14:30,16:50,490.0,N/A,,,3,
1058,2026-06-06T10:43:42.236022,2026-06-06,Hyderabad,Kurnool,14:30,18:00,600.0,N/A,,,3,
1059,2026-06-06T10:43:42.236022,2026-06-06,Hyderabad,Kurnool,14:30,17:20,650.0,N/A,,,3,
964,2026-06-06T10:42:45.355272,2026-06-06,Hyderabad,Vijayawada,14:50,20:50,860.0,Johnson,3.7,,3,
965,2026-06-06T10:42:45.355272,2026-06-06,Hyderabad,Vijayawada,15:00,18:20,650.0,Sivalakshminarayana,4.8,,3,
966,2026-06-06T10:42:45.355272,2026-06-06,Hyderabad,Vijayawada,15:00,18:20,680.0,N/A,,,3,
967,2026-06-06T10:42:45.355272,2026-06-06,Hyderabad,Vijayawada,15:00,20:20,700.0,Aswin,4.8,,3,
968,2026-06-06T10:42:45.355272,2026-06-06,Hyderabad,Vijayawada,15:00,21:00,700.0,Bpr,0.0,,3,
969,2026-06-06T10:42:45.355272,2026-06-06,Hyderabad,Vijayawada,15:00,19:10,700.0,Muralikrishna,5.0,,3,
1016,2026-06-06T10:43:15.431201,2026-06-06,Hyderabad,Warangal,15:00,17:00,300.0,N/A,,,3,
1017,2026-06-06T10:43:15.431201,2026-06-06,Hyderabad,Warangal,15:00,17:20,340.0,Vishnu Vardhan Reddy,5.0,,3,
1018,2026-06-06T10:43:15.431201,2026-06-06,Hyderabad,Warangal,15:00,11:20,460.0,Prasad Yadav,4.6,,3,
1060,2026-06-06T10:43:42.236022,2026-06-06,Hyderabad,Kurnool,15:00,18:40,500.0,N/A,,,3,
1061,2026-06-06T10:43:42.236022,2026-06-06,Hyderabad,Kurnool,15:00,18:30,550.0,Nikhin,4.9,,3,
1062,2026-06-06T10:43:42.236022,2026-06-06,Hyderabad,Kurnool,15:00,18:40,550.0,John,4.8,,3,
1063,2026-06-06T10:43:42.236022,2026-06-06,Hyderabad,Kurnool,15:00,17:30,590.0,N/A,,,3,
1065,2026-06-06T10:43:42.236022,2026-06-06,Hyderabad,Kurnool,15:00,17:40,660.0,Karthik,5.0,,3,
1066,2026-06-06T10:43:42.236022,2026-06-06,Hyderabad,Kurnool,15:10,19:00,600.0,Ajay,4.3,,3,
1019,2026-06-06T10:43:15.431201,2026-06-06,Hyderabad,Warangal,15:20,17:10,320.0,N/A,,,3,
1067,2026-06-06T10:43:42.236022,2026-06-06,Hyderabad,Kurnool,15:20,19:00,600.0,N/A,,,3,
1020,2026-06-06T10:43:15.431201,2026-06-06,Hyderabad,Warangal,15:30,19:30,550.0,N/A,,,3,
1068,2026-06-06T10:43:42.236022,2026-06-06,Hyderabad,Kurnool,15:30,19:00,450.0,Vivekananda,4.9,,3,
1069,2026-06-06T10:43:42.236022,2026-06-06,Hyderabad,Kurnool,15:30,19:10,500.0,Syed,5.0,,3,
1070,2026-06-06T10:43:42.236022,2026-06-06,Hyderabad,Kurnool,15:30,17:50,590.0,N/A,,,3,
1071,2026-06-06T10:43:42.236022,2026-06-06,Hyderabad,Kurnool,15:30,18:20,630.0,N/A,,,3,
1021,2026-06-06T10:43:15.431201,2026-06-06,Hyderabad,Warangal,15:50,19:10,540.0,N/A,,,3,
1022,2026-06-06T10:43:15.431201,2026-06-06,Hyderabad,Warangal,16:00,17:40,330.0,Shiva,0.0,,3,
1023,2026-06-06T10:43:15.431201,2026-06-06,Hyderabad,Warangal,16:00,18:30,350.0,N/A,,,3,
1206,2026-06-06T21:58:02.174781,2026-06-06,Hyderabad,Vijayawada,22:20,04:20,810.0,N/A,,3.0,3,0.0
1207,2026-06-06T21:58:02.174781,2026-06-06,Hyderabad,Vijayawada,22:30,03:00,600.0,Koganti,4.0,3.0,3,0.0
1208,2026-06-06T21:58:02.174781,2026-06-06,Hyderabad,Vijayawada,22:30,02:00,620.0,Vidya Sagar,4.8,3.0,3,0.0
1209,2026-06-06T21:58:02.174781,2026-06-06,Hyderabad,Vijayawada,22:30,02:30,620.0,Pandu,2.4,3.0,3,0.0
1210,2026-06-06T21:58:02.174781,2026-06-06,Hyderabad,Vijayawada,22:30,04:00,860.0,Lava,4.3,3.0,3,0.0
1211,2026-06-06T21:58:02.174781,2026-06-06,Hyderabad,Vijayawada,22:30,02:30,870.0,Gouspeer,3.9,3.0,3,0.0
1220,2026-06-06T21:58:25.592183,2026-06-06,Hyderabad,Warangal,22:30,01:00,400.0,N/A,,3.0,3,0.0
1221,2026-06-06T21:58:25.592183,2026-06-06,Hyderabad,Warangal,22:30,01:40,500.0,N/A,,3.0,3,0.0
1222,2026-06-06T21:58:25.592183,2026-06-06,Hyderabad,Warangal,22:30,01:30,530.0,N/A,,3.0,3,0.0
1223,2026-06-06T21:58:25.592183,2026-06-06,Hyderabad,Warangal,22:30,01:40,540.0,N/A,,3.0,3,0.0
1225,2026-06-06T21:58:54.084259,2026-06-06,Hyderabad,Kurnool,22:30,02:20,600.0,N/A,,3.0,3,0.0
1212,2026-06-06T21:58:02.174781,2026-06-06,Hyderabad,Vijayawada,22:40,03:40,600.0,Syed,5.0,3.0,3,0.0
1213,2026-06-06T21:58:02.174781,2026-06-06,Hyderabad,Vijayawada,23:00,03:30,590.0,Manu,5.0,3.0,3,0.0
1214,2026-06-06T21:58:02.174781,2026-06-06,Hyderabad,Vijayawada,23:00,05:10,640.0,N/A,,3.0,3,0.0
1215,2026-06-06T21:58:02.174781,2026-06-06,Hyderabad,Vijayawada,23:00,03:00,700.0,Rathnam,4.3,3.0,3,0.0
1216,2026-06-06T21:58:02.174781,2026-06-06,Hyderabad,Vijayawada,23:00,03:40,770.0,Raja,3.8,3.0,3,0.0
1217,2026-06-06T21:58:02.174781,2026-06-06,Hyderabad,Vijayawada,23:00,03:00,810.0,Gouspeer,3.9,3.0,3,0.0
1227,2026-06-06T21:58:54.084259,2026-06-06,Hyderabad,Kurnool,23:00,02:20,480.0,N/A,,3.0,3,0.0
1228,2026-06-06T21:58:54.084259,2026-06-06,Hyderabad,Kurnool,23:00,02:00,560.0,N/A,,3.0,3,0.0
1229,2026-06-06T21:58:54.084259,2026-06-06,Hyderabad,Kurnool,23:00,02:30,590.0,Soudagar Waeez,5.0,3.0,3,0.0
1230,2026-06-06T21:58:54.084259,2026-06-06,Hyderabad,Kurnool,23:00,02:30,680.0,N/A,,3.0,3,0.0
3280,2026-06-06T22:18:20.160555,2026-06-06,Hyderabad,Warangal,23:00,02:00,520.0,N/A,,3.0,3,0.0
3286,2026-06-06T22:18:41.285486,2026-06-06,Hyderabad,Kurnool,23:10,02:30,500.0,Basha,3.8,3.0,3,0.0
1218,2026-06-06T21:58:02.174781,2026-06-06,Hyderabad,Vijayawada,23:20,03:40,840.0,Siddam,4.3,3.0,3,0.0
1231,2026-06-06T21:58:54.084259,2026-06-06,Hyderabad,Kurnool,23:20,02:50,590.0,Soudagar Waeez,5.0,3.0,3,0.0
3277,2026-06-06T22:17:52.142489,2026-06-06,Hyderabad,Vijayawada,23:20,03:20,770.0,Gouspeer,3.9,3.0,3,0.0
1219,2026-06-06T21:58:02.174781,2026-06-06,Hyderabad,Vijayawada,23:30,03:20,810.0,N/A,,3.0,3,0.0
1224,2026-06-06T21:58:25.592183,2026-06-06,Hyderabad,Warangal,23:30,02:00,350.0,N/A,,3.0,3,0.0
3279,2026-06-06T22:17:52.142489,2026-06-06,Hyderabad,Vijayawada,23:30,04:40,620.0,Ramana Rao,4.7,3.0,3,0.0
1150,2026-06-06T10:45:04.986486,2026-06-06,Kurnool,Hyderabad,11:00,14:40,500.0,Sameer,0.0,,3,
1151,2026-06-06T10:45:04.986486,2026-06-06,Kurnool,Hyderabad,11:20,14:50,480.0,Mohammed Imran,4.0,,3,
1152,2026-06-06T10:45:04.986486,2026-06-06,Kurnool,Hyderabad,11:30,15:20,480.0,Shiva,5.0,,3,
1153,2026-06-06T10:45:04.986486,2026-06-06,Kurnool,Hyderabad,11:30,15:10,530.0,Faisal,5.0,,3,
1154,2026-06-06T10:45:04.986486,2026-06-06,Kurnool,Hyderabad,11:30,15:10,530.0,Mohammad,0.0,,3,
1155,2026-06-06T10:45:04.986486,2026-06-06,Kurnool,Hyderabad,11:30,15:10,550.0,Shaik,4.8,,3,
1156,2026-06-06T10:45:04.986486,2026-06-06,Kurnool,Hyderabad,11:30,14:00,620.0,Jayam,3.7,,3,
1157,2026-06-06T10:45:04.986486,2026-06-06,Kurnool,Hyderabad,11:40,15:10,500.0,Krishna,5.0,,3,
1158,2026-06-06T10:45:04.986486,2026-06-06,Kurnool,Hyderabad,11:50,15:10,450.0,N/A,,,3,
1159,2026-06-06T10:45:04.986486,2026-06-06,Kurnool,Hyderabad,12:00,15:30,590.0,N/A,,,3,
1160,2026-06-06T10:45:04.986486,2026-06-06,Kurnool,Hyderabad,12:10,14:40,620.0,Jayam,3.7,,3,
1161,2026-06-06T10:45:04.986486,2026-06-06,Kurnool,Hyderabad,12:30,16:00,500.0,Keshav,4.3,,3,
1162,2026-06-06T10:45:04.986486,2026-06-06,Kurnool,Hyderabad,12:40,15:40,520.0,N/A,,,3,
1163,2026-06-06T10:45:04.986486,2026-06-06,Kurnool,Hyderabad,13:00,16:30,500.0,Babu,4.5,,3,
1164,2026-06-06T10:45:04.986486,2026-06-06,Kurnool,Hyderabad,13:30,17:00,500.0,Prabhakar,4.9,,3,
1165,2026-06-06T10:45:04.986486,2026-06-06,Kurnool,Hyderabad,13:30,17:10,500.0,Reddy,4.1,,3,
1166,2026-06-06T10:45:04.986486,2026-06-06,Kurnool,Hyderabad,13:30,17:00,550.0,Raj,5.0,,3,
1167,2026-06-06T10:45:04.986486,2026-06-06,Kurnool,Hyderabad,14:00,17:50,460.0,Sayed,4.6,,3,
1168,2026-06-06T10:45:04.986486,2026-06-06,Kurnool,Hyderabad,14:00,17:30,500.0,Khadir,4.6,,3,
1169,2026-06-06T10:45:04.986486,2026-06-06,Kurnool,Hyderabad,14:00,17:30,540.0,Madhureddy,4.5,,3,
1170,2026-06-06T10:45:04.986486,2026-06-06,Kurnool,Hyderabad,14:30,18:00,480.0,Syed,5.0,,3,
1171,2026-06-06T10:45:04.986486,2026-06-06,Kurnool,Hyderabad,14:30,18:00,500.0,Subhan,4.7,,3,
1172,2026-06-06T10:45:04.986486,2026-06-06,Kurnool,Hyderabad,14:30,18:00,500.0,Instant Booking,,,3,
1173,2026-06-06T10:45:04.986486,2026-06-06,Kurnool,Hyderabad,14:30,18:10,550.0,Khan,4.3,,3,
1174,2026-06-06T10:45:04.986486,2026-06-06,Kurnool,Hyderabad,14:50,17:20,630.0,Raju,0.0,,3,
1175,2026-06-06T10:45:04.986486,2026-06-06,Kurnool,Hyderabad,15:00,18:50,600.0,Gangadhar,4.1,,3,
1176,2026-06-06T10:45:04.986486,2026-06-06,Kurnool,Hyderabad,15:00,17:30,630.0,Latish,4.0,,3,
1177,2026-06-06T10:45:04.986486,2026-06-06,Kurnool,Hyderabad,15:30,18:20,630.0,Golla,5.0,,3,
1178,2026-06-06T10:45:04.986486,2026-06-06,Kurnool,Hyderabad,16:00,19:50,550.0,Shaik,0.0,,3,
1179,2026-06-06T10:45:04.986486,2026-06-06,Kurnool,Hyderabad,16:00,19:50,580.0,Ashok Kumar,4.3,,3,
1180,2026-06-06T10:45:04.986486,2026-06-06,Kurnool,Hyderabad,16:00,20:00,580.0,Siva,3.9,,3,
1181,2026-06-06T10:45:04.986486,2026-06-06,Kurnool,Hyderabad,16:00,18:30,590.0,N/A,,,3,
1182,2026-06-06T10:45:04.986486,2026-06-06,Kurnool,Hyderabad,16:30,19:50,470.0,N/A,,,3,
1183,2026-06-06T10:45:04.986486,2026-06-06,Kurnool,Hyderabad,16:30,20:10,500.0,Upendra,4.0,,3,
1184,2026-06-06T10:45:04.986486,2026-06-06,Kurnool,Hyderabad,16:30,20:00,500.0,N/A,,,3,
1185,2026-06-06T10:45:04.986486,2026-06-06,Kurnool,Hyderabad,16:30,20:20,600.0,N/A,,,3,
1186,2026-06-06T10:45:04.986486,2026-06-06,Kurnool,Hyderabad,17:10,20:10,680.0,Savio,3.8,,3,
1187,2026-06-06T10:45:04.986486,2026-06-06,Kurnool,Hyderabad,18:00,21:30,500.0,Chinna,4.4,,3,
1188,2026-06-06T10:45:04.986486,2026-06-06,Kurnool,Hyderabad,18:00,21:30,550.0,Anji,3.8,,3,
1189,2026-06-06T10:45:04.986486,2026-06-06,Kurnool,Hyderabad,18:00,21:30,550.0,Narendra,4.0,,3,
1190,2026-06-06T10:45:04.986486,2026-06-06,Kurnool,Hyderabad,18:00,21:50,590.0,Ramisetty,4.9,,3,
1191,2026-06-06T10:45:04.986486,2026-06-06,Kurnool,Hyderabad,18:00,20:40,660.0,Siva,3.9,,3,
1192,2026-06-06T10:45:04.986486,2026-06-06,Kurnool,Hyderabad,18:30,21:00,620.0,Instant Booking,,,3,
1193,2026-06-06T10:45:04.986486,2026-06-06,Kurnool,Hyderabad,18:30,22:20,620.0,Mohan Reddy,4.9,,3,
1194,2026-06-06T10:45:04.986486,2026-06-06,Kurnool,Hyderabad,18:50,21:20,620.0,Chandra,3.7,,3,
1195,2026-06-06T10:45:04.986486,2026-06-06,Kurnool,Hyderabad,19:00,22:00,640.0,N/A,,,3,
1196,2026-06-06T10:45:04.986486,2026-06-06,Kurnool,Hyderabad,19:00,22:20,680.0,Shafi,4.1,,3,
1197,2026-06-06T10:45:04.986486,2026-06-06,Kurnool,Hyderabad,19:20,21:50,560.0,N/A,,,3,
1198,2026-06-06T10:45:04.986486,2026-06-06,Kurnool,Hyderabad,19:20,22:30,780.0,Sreeram,4.7,,3,
1199,2026-06-06T10:45:04.986486,2026-06-06,Kurnool,Hyderabad,19:30,22:00,550.0,N/A,,,3,
1200,2026-06-06T10:45:04.986486,2026-06-06,Kurnool,Hyderabad,20:10,22:40,590.0,Vishal,0.0,,3,
1201,2026-06-06T10:45:04.986486,2026-06-06,Kurnool,Hyderabad,20:20,22:50,590.0,Rohit Kumar,5.0,,3,
1202,2026-06-06T10:45:04.986486,2026-06-06,Kurnool,Hyderabad,20:50,23:40,600.0,Shamsu,0.0,,3,
1203,2026-06-06T10:45:04.986486,2026-06-06,Kurnool,Hyderabad,21:00,00:30,630.0,Mahesh Reddy,4.8,,3,
1204,2026-06-06T10:45:04.986486,2026-06-06,Kurnool,Hyderabad,22:00,01:50,500.0,Syed,5.0,,3,
1205,2026-06-06T10:45:04.986486,2026-06-06,Kurnool,Hyderabad,22:00,01:00,620.0,Instant Booking,,2.0,3,1.0
1240,2026-06-06T22:00:07.511507,2026-06-06,Kurnool,Hyderabad,22:20,01:40,560.0,Instant Booking,,3.0,3,0.0
1241,2026-06-06T22:00:07.511507,2026-06-06,Kurnool,Hyderabad,22:20,01:10,630.0,Shiva,0.0,3.0,3,0.0
1242,2026-06-06T22:00:07.511507,2026-06-06,Kurnool,Hyderabad,22:30,01:50,500.0,N/A,,3.0,3,0.0
1243,2026-06-06T22:00:07.511507,2026-06-06,Kurnool,Hyderabad,22:30,01:20,530.0,Instant Booking,,3.0,3,0.0
1244,2026-06-06T22:00:07.511507,2026-06-06,Kurnool,Hyderabad,22:40,02:00,450.0,N/A,,3.0,3,0.0
1245,2026-06-06T22:00:07.511507,2026-06-06,Kurnool,Hyderabad,22:40,01:30,620.0,Instant Booking,,3.0,3,0.0
1246,2026-06-06T22:00:07.511507,2026-06-06,Kurnool,Hyderabad,22:40,01:40,620.0,Savio,3.8,3.0,3,0.0
1247,2026-06-06T22:00:07.511507,2026-06-06,Kurnool,Hyderabad,22:40,02:00,640.0,Sudheer,4.3,3.0,3,0.0
1248,2026-06-06T22:00:07.511507,2026-06-06,Kurnool,Hyderabad,23:00,01:50,630.0,Prashanth,5.0,3.0,3,0.0
1249,2026-06-06T22:00:07.511507,2026-06-06,Kurnool,Hyderabad,23:30,03:10,540.0,Raju,4.2,3.0,3,0.0
1250,2026-06-06T22:00:07.511507,2026-06-06,Kurnool,Hyderabad,23:30,03:00,600.0,Surender,4.0,3.0,3,0.0
1251,2026-06-06T22:00:07.511507,2026-06-06,Kurnool,Hyderabad,23:40,02:10,600.0,N/A,,3.0,3,0.0
1252,2026-06-06T22:00:07.511507,2026-06-06,Kurnool,Hyderabad,23:50,03:10,460.0,Ravi,4.8,3.0,3,0.0
1253,2026-06-06T22:00:07.511507,2026-06-06,Kurnool,Hyderabad,23:50,02:30,620.0,Kethavath,0.0,3.0,3,0.0
1072,2026-06-06T10:44:13.560376,2026-06-06,Vijayawada,Hyderabad,11:00,18:00,590.0,Praveen,0.0,,3,
1073,2026-06-06T10:44:13.560376,2026-06-06,Vijayawada,Hyderabad,11:00,15:10,720.0,Ravi,0.0,,3,
1074,2026-06-06T10:44:13.560376,2026-06-06,Vijayawada,Hyderabad,11:00,15:30,760.0,Bharath,0.0,,3,
1075,2026-06-06T10:44:13.560376,2026-06-06,Vijayawada,Hyderabad,11:30,16:00,600.0,N/A,,,3,
1076,2026-06-06T10:44:13.560376,2026-06-06,Vijayawada,Hyderabad,11:30,16:00,700.0,Bolisetty,5.0,,3,
1077,2026-06-06T10:44:13.560376,2026-06-06,Vijayawada,Hyderabad,11:30,17:20,810.0,Gouspeer,3.9,,3,
1078,2026-06-06T10:44:13.560376,2026-06-06,Vijayawada,Hyderabad,11:50,16:20,590.0,Kotha,5.0,,3,
1079,2026-06-06T10:44:13.560376,2026-06-06,Vijayawada,Hyderabad,12:00,16:30,700.0,Jigatala,4.8,,3,
1080,2026-06-06T10:44:13.560376,2026-06-06,Vijayawada,Hyderabad,12:40,16:10,560.0,Jadhav,5.0,,3,
1081,2026-06-06T10:44:13.560376,2026-06-06,Vijayawada,Hyderabad,13:00,17:30,550.0,Pandu,4.5,,3,
1082,2026-06-06T10:44:13.560376,2026-06-06,Vijayawada,Hyderabad,13:00,18:40,820.0,Rajesh New Dzire,5.0,,3,
1083,2026-06-06T10:44:13.560376,2026-06-06,Vijayawada,Hyderabad,13:30,20:10,620.0,N/A,,,3,
1084,2026-06-06T10:44:13.560376,2026-06-06,Vijayawada,Hyderabad,13:30,17:20,700.0,N/A,,,3,
1085,2026-06-06T10:44:13.560376,2026-06-06,Vijayawada,Hyderabad,13:50,17:20,600.0,Yadampally,4.2,,3,
1086,2026-06-06T10:44:13.560376,2026-06-06,Vijayawada,Hyderabad,13:50,17:40,710.0,Nikhilesh,0.0,,3,
1087,2026-06-06T10:44:13.560376,2026-06-06,Vijayawada,Hyderabad,14:00,19:20,800.0,Venkatesh,4.0,,3,
1088,2026-06-06T10:44:13.560376,2026-06-06,Vijayawada,Hyderabad,14:10,17:40,600.0,Yadampally,4.2,,3,
1089,2026-06-06T10:44:13.560376,2026-06-06,Vijayawada,Hyderabad,14:20,18:00,600.0,Nikhilesh,0.0,,3,
1090,2026-06-06T10:44:13.560376,2026-06-06,Vijayawada,Hyderabad,14:30,20:10,650.0,Hari,5.0,,3,
1091,2026-06-06T10:44:13.560376,2026-06-06,Vijayawada,Hyderabad,14:30,19:50,750.0,Mohammed,5.0,,3,
1092,2026-06-06T10:44:13.560376,2026-06-06,Vijayawada,Hyderabad,15:00,19:40,700.0,Abhinay Gupta,0.0,,3,
1093,2026-06-06T10:44:13.560376,2026-06-06,Vijayawada,Hyderabad,15:00,21:40,770.0,Vijay,4.9,,3,
1094,2026-06-06T10:44:13.560376,2026-06-06,Vijayawada,Hyderabad,16:00,20:50,600.0,Vijay,4.5,,3,
1095,2026-06-06T10:44:13.560376,2026-06-06,Vijayawada,Hyderabad,16:00,20:10,640.0,Ramachandra Rao,0.0,,3,
1096,2026-06-06T10:44:13.560376,2026-06-06,Vijayawada,Hyderabad,16:00,20:00,670.0,Rama Krishna,4.9,,3,
1097,2026-06-06T10:44:13.560376,2026-06-06,Vijayawada,Hyderabad,16:00,21:30,800.0,Anandraj,4.2,,3,
1098,2026-06-06T10:44:13.560376,2026-06-06,Vijayawada,Hyderabad,16:00,21:40,900.0,Sudheer,4.8,,3,
1099,2026-06-06T10:44:13.560376,2026-06-06,Vijayawada,Hyderabad,16:00,20:00,900.0,N/A,,,3,
1101,2026-06-06T10:44:13.560376,2026-06-06,Vijayawada,Hyderabad,16:00,22:00,940.0,Pedapudi,5.0,,3,
1102,2026-06-06T10:44:13.560376,2026-06-06,Vijayawada,Hyderabad,16:20,21:30,650.0,N/A,,,3,
1103,2026-06-06T10:44:13.560376,2026-06-06,Vijayawada,Hyderabad,16:20,22:00,900.0,Sudheer,4.8,,3,
1104,2026-06-06T10:44:13.560376,2026-06-06,Vijayawada,Hyderabad,16:30,20:30,670.0,Rama Krishna,4.9,,3,
1105,2026-06-06T10:44:13.560376,2026-06-06,Vijayawada,Hyderabad,16:30,20:10,990.0,Nagaswami,5.0,,3,
1106,2026-06-06T10:44:13.560376,2026-06-06,Vijayawada,Hyderabad,16:40,19:50,780.0,Mynam,4.8,,3,
1232,2026-06-06T21:59:18.854339,2026-06-06,Vijayawada,Hyderabad,22:20,01:30,540.0,Yadaiah,0.0,3.0,3,0.0
1233,2026-06-06T21:59:18.854339,2026-06-06,Vijayawada,Hyderabad,22:30,03:10,600.0,Razzak,4.6,3.0,3,0.0
1234,2026-06-06T21:59:18.854339,2026-06-06,Vijayawada,Hyderabad,22:30,04:40,880.0,Tadikonda,0.0,3.0,3,0.0
1235,2026-06-06T21:59:18.854339,2026-06-06,Vijayawada,Hyderabad,22:40,03:10,700.0,Mk,4.3,3.0,3,0.0
1107,2026-06-06T10:44:37.935739,2026-06-06,Warangal,Hyderabad,11:00,13:40,320.0,Sravan Kumar,4.4,,3,
1108,2026-06-06T10:44:37.935739,2026-06-06,Warangal,Hyderabad,11:00,13:40,400.0,Keerthi,5.0,,3,
1109,2026-06-06T10:44:37.935739,2026-06-06,Warangal,Hyderabad,11:00,13:40,400.0,Kanukuntla Suresh,0.0,,3,
1110,2026-06-06T10:44:37.935739,2026-06-06,Warangal,Hyderabad,11:00,14:00,510.0,Raju,4.8,,3,
1111,2026-06-06T10:44:37.935739,2026-06-06,Warangal,Hyderabad,11:10,13:20,290.0,N/A,,,3,
1112,2026-06-06T10:44:37.935739,2026-06-06,Warangal,Hyderabad,11:10,14:20,450.0,Godisela Vamshi,4.9,,3,
1113,2026-06-06T10:44:37.935739,2026-06-06,Warangal,Hyderabad,11:10,14:20,470.0,Suresh,4.1,,3,
1114,2026-06-06T10:44:37.935739,2026-06-06,Warangal,Hyderabad,11:20,13:10,280.0,Shiva,0.0,,3,
1115,2026-06-06T10:44:37.935739,2026-06-06,Warangal,Hyderabad,11:20,14:00,370.0,Ravinder,4.4,,3,
1116,2026-06-06T10:44:37.935739,2026-06-06,Warangal,Hyderabad,11:30,13:20,300.0,Shiva,0.0,,3,
1117,2026-06-06T10:44:37.935739,2026-06-06,Warangal,Hyderabad,11:30,14:10,350.0,Guru,4.9,,3,
1118,2026-06-06T10:44:37.935739,2026-06-06,Warangal,Hyderabad,11:30,14:10,400.0,Raju,4.8,,3,
1119,2026-06-06T10:44:37.935739,2026-06-06,Warangal,Hyderabad,11:30,14:30,500.0,Rajender,4.8,,3,
1120,2026-06-06T10:44:37.935739,2026-06-06,Warangal,Hyderabad,11:30,13:40,500.0,Raju,4.9,,3,
1121,2026-06-06T10:44:37.935739,2026-06-06,Warangal,Hyderabad,11:40,14:20,360.0,Bharath,0.0,,3,
1122,2026-06-06T10:44:37.935739,2026-06-06,Warangal,Hyderabad,11:50,15:10,410.0,Phani,4.6,,3,
1123,2026-06-06T10:44:37.935739,2026-06-06,Warangal,Hyderabad,12:00,14:40,380.0,Ravinder,4.4,,3,
1124,2026-06-06T10:44:37.935739,2026-06-06,Warangal,Hyderabad,12:00,14:30,400.0,Rakesh,5.0,,3,
1125,2026-06-06T10:44:37.935739,2026-06-06,Warangal,Hyderabad,12:20,15:00,300.0,Raju,4.9,,3,
1126,2026-06-06T10:44:37.935739,2026-06-06,Warangal,Hyderabad,12:30,14:50,350.0,Ramesh,5.0,,3,
1127,2026-06-06T10:44:37.935739,2026-06-06,Warangal,Hyderabad,12:30,15:10,420.0,Ramu,5.0,,3,
1128,2026-06-06T10:44:37.935739,2026-06-06,Warangal,Hyderabad,12:30,16:00,440.0,N/A,,,3,
1129,2026-06-06T10:44:37.935739,2026-06-06,Warangal,Hyderabad,12:40,15:00,650.0,Harikrishna,3.4,,3,
1130,2026-06-06T10:44:37.935739,2026-06-06,Warangal,Hyderabad,13:00,15:40,350.0,Ajay,4.6,,3,
1131,2026-06-06T10:44:37.935739,2026-06-06,Warangal,Hyderabad,13:00,15:20,350.0,Manu,4.7,,3,
1132,2026-06-06T10:44:37.935739,2026-06-06,Warangal,Hyderabad,13:00,15:50,380.0,Srinath,0.0,,3,
1133,2026-06-06T10:44:37.935739,2026-06-06,Warangal,Hyderabad,13:00,15:30,430.0,Dileep,4.8,,3,
1134,2026-06-06T10:44:37.935739,2026-06-06,Warangal,Hyderabad,13:10,15:20,300.0,N/A,,3.0,3,0.0
1135,2026-06-06T10:44:37.935739,2026-06-06,Warangal,Hyderabad,13:20,16:00,380.0,Ravinder,4.4,,3,
1136,2026-06-06T10:44:37.935739,2026-06-06,Warangal,Hyderabad,14:00,16:40,400.0,Mohammed,5.0,,3,
1137,2026-06-06T10:44:37.935739,2026-06-06,Warangal,Hyderabad,14:00,17:10,560.0,N/A,,,3,
1138,2026-06-06T10:44:37.935739,2026-06-06,Warangal,Hyderabad,14:30,17:30,500.0,Rakesh,3.7,,3,
1139,2026-06-06T10:44:37.935739,2026-06-06,Warangal,Hyderabad,15:00,18:10,390.0,N/A,,,3,
1140,2026-06-06T10:44:37.935739,2026-06-06,Warangal,Hyderabad,15:00,18:00,400.0,Prasad,5.0,,3,
1141,2026-06-06T10:44:37.935739,2026-06-06,Warangal,Hyderabad,15:00,18:20,400.0,Harshith,0.0,,3,
1142,2026-06-06T10:44:37.935739,2026-06-06,Warangal,Hyderabad,15:00,18:20,490.0,Sai,5.0,,3,
1143,2026-06-06T10:44:37.935739,2026-06-06,Warangal,Hyderabad,15:00,18:10,560.0,N/A,,1.0,3,2.0
1144,2026-06-06T10:44:37.935739,2026-06-06,Warangal,Hyderabad,15:20,18:00,400.0,Raju,4.2,,3,
1145,2026-06-06T10:44:37.935739,2026-06-06,Warangal,Hyderabad,15:30,18:20,400.0,Raj,4.3,,3,
1146,2026-06-06T10:44:37.935739,2026-06-06,Warangal,Hyderabad,15:30,18:10,400.0,Mohammed,5.0,,3,
1147,2026-06-06T10:44:37.935739,2026-06-06,Warangal,Hyderabad,15:40,18:20,400.0,Raju,4.2,,3,
1148,2026-06-06T10:44:37.935739,2026-06-06,Warangal,Hyderabad,15:50,18:30,350.0,Bura,4.5,,3,
1149,2026-06-06T10:44:37.935739,2026-06-06,Warangal,Hyderabad,15:50,18:40,410.0,Raj,4.3,,3,
1236,2026-06-06T21:59:43.514801,2026-06-06,Warangal,Hyderabad,22:30,01:10,320.0,Mohmmed Hameed,4.5,3.0,3,0.0
1237,2026-06-06T21:59:43.514801,2026-06-06,Warangal,Hyderabad,23:00,01:40,250.0,Kurmaiah,4.0,3.0,3,0.0
1238,2026-06-06T21:59:43.514801,2026-06-06,Warangal,Hyderabad,23:00,02:10,450.0,Vathsalya,4.7,3.0,3,0.0
1239,2026-06-06T21:59:43.514801,2026-06-06,Warangal,Hyderabad,23:50,03:10,420.0,Guntuka,1.0,3.0,3,0.0
3328,2026-06-07T09:03:52.562945,2026-06-07,Hyderabad,Warangal,09:20,11:50,400.0,N/A,,3.0,3,0.0
3329,2026-06-07T09:03:52.562945,2026-06-07,Hyderabad,Warangal,09:20,12:40,520.0,Raju,2.7,3.0,3,0.0
3302,2026-06-07T09:03:27.522712,2026-06-07,Hyderabad,Vijayawada,09:30,14:00,600.0,Venkatesh,3.7,3.0,3,0.0
3303,2026-06-07T09:03:27.522712,2026-06-07,Hyderabad,Vijayawada,09:30,14:00,690.0,Gunukula,3.2,3.0,3,0.0
3304,2026-06-07T09:03:27.522712,2026-06-07,Hyderabad,Vijayawada,09:30,12:50,760.0,Swamy,0.0,3.0,3,0.0
3305,2026-06-07T09:03:27.522712,2026-06-07,Hyderabad,Vijayawada,09:30,13:50,800.0,Kamana,4.7,3.0,3,0.0
3330,2026-06-07T09:03:52.562945,2026-06-07,Hyderabad,Warangal,09:30,12:40,460.0,N/A,,3.0,3,0.0
3331,2026-06-07T09:03:52.562945,2026-06-07,Hyderabad,Warangal,09:30,11:50,540.0,N/A,,3.0,3,0.0
3332,2026-06-07T09:03:52.562945,2026-06-07,Hyderabad,Warangal,09:30,11:50,550.0,Arun,4.7,3.0,3,0.0
3333,2026-06-07T09:03:52.562945,2026-06-07,Hyderabad,Warangal,09:30,12:40,550.0,Yadav,5.0,3.0,3,0.0
3364,2026-06-07T09:04:20.025614,2026-06-07,Hyderabad,Kurnool,09:30,13:10,460.0,Shabbir,4.3,3.0,3,0.0
3365,2026-06-07T09:04:20.025614,2026-06-07,Hyderabad,Kurnool,09:30,13:10,500.0,Venkata Siva,0.0,3.0,3,0.0
3366,2026-06-07T09:04:20.025614,2026-06-07,Hyderabad,Kurnool,09:30,11:40,570.0,N/A,,3.0,3,0.0
3334,2026-06-07T09:03:52.562945,2026-06-07,Hyderabad,Warangal,09:40,12:10,400.0,N/A,,3.0,3,0.0
3306,2026-06-07T09:03:27.522712,2026-06-07,Hyderabad,Vijayawada,09:50,14:20,700.0,Yuvaraj,4.9,3.0,3,0.0
3307,2026-06-07T09:03:27.522712,2026-06-07,Hyderabad,Vijayawada,10:00,15:10,700.0,Kond,2.5,3.0,3,0.0
3308,2026-06-07T09:03:27.522712,2026-06-07,Hyderabad,Vijayawada,10:00,15:00,700.0,N/A,,3.0,3,0.0
3309,2026-06-07T09:03:27.522712,2026-06-07,Hyderabad,Vijayawada,10:00,15:30,750.0,Sunil,2.5,3.0,3,0.0
3310,2026-06-07T09:03:27.522712,2026-06-07,Hyderabad,Vijayawada,10:00,13:40,800.0,Ramya,0.0,3.0,3,0.0
3335,2026-06-07T09:03:52.562945,2026-06-07,Hyderabad,Warangal,10:00,12:30,320.0,N/A,,3.0,3,0.0
3336,2026-06-07T09:03:52.562945,2026-06-07,Hyderabad,Warangal,10:00,12:10,340.0,Shiva Kumar,3.3,3.0,3,0.0
3337,2026-06-07T09:03:52.562945,2026-06-07,Hyderabad,Warangal,10:00,12:30,400.0,N/A,,3.0,3,0.0
3338,2026-06-07T09:03:52.562945,2026-06-07,Hyderabad,Warangal,10:00,13:10,550.0,Yadav,5.0,3.0,3,0.0
3367,2026-06-07T09:04:20.025614,2026-06-07,Hyderabad,Kurnool,10:00,13:40,450.0,Venkatesh,4.7,3.0,3,0.0
3368,2026-06-07T09:04:20.025614,2026-06-07,Hyderabad,Kurnool,10:00,13:30,560.0,N/A,,3.0,3,0.0
3369,2026-06-07T09:04:20.025614,2026-06-07,Hyderabad,Kurnool,10:00,13:50,620.0,Mohan Reddy,4.9,3.0,3,0.0
3339,2026-06-07T09:03:52.562945,2026-06-07,Hyderabad,Warangal,10:10,13:30,520.0,Raju,2.7,3.0,3,0.0
3311,2026-06-07T09:03:27.522712,2026-06-07,Hyderabad,Vijayawada,10:20,17:00,810.0,N/A,,3.0,3,0.0
3370,2026-06-07T09:04:20.025614,2026-06-07,Hyderabad,Kurnool,10:20,13:00,500.0,N/A,,3.0,3,0.0
3340,2026-06-07T09:03:52.562945,2026-06-07,Hyderabad,Warangal,10:30,13:00,350.0,N/A,,3.0,3,0.0
3341,2026-06-07T09:03:52.562945,2026-06-07,Hyderabad,Warangal,10:30,13:00,430.0,N/A,,3.0,3,0.0
3342,2026-06-07T09:03:52.562945,2026-06-07,Hyderabad,Warangal,10:30,13:50,520.0,Raju,5.0,3.0,3,0.0
3371,2026-06-07T09:04:20.025614,2026-06-07,Hyderabad,Kurnool,10:30,14:10,500.0,Gaffar,4.9,3.0,3,0.0
3372,2026-06-07T09:04:20.025614,2026-06-07,Hyderabad,Kurnool,10:30,13:10,520.0,Narasimha,4.5,3.0,3,0.0
3373,2026-06-07T09:04:20.025614,2026-06-07,Hyderabad,Kurnool,10:30,13:20,650.0,N/A,,3.0,3,0.0
3343,2026-06-07T09:03:52.562945,2026-06-07,Hyderabad,Warangal,10:50,14:10,520.0,Raju,5.0,3.0,3,0.0
3312,2026-06-07T09:03:27.522712,2026-06-07,Hyderabad,Vijayawada,11:00,16:40,700.0,Suresh Kumar,5.0,3.0,3,0.0
3313,2026-06-07T09:03:27.522712,2026-06-07,Hyderabad,Vijayawada,11:00,16:20,700.0,Vital,5.0,3.0,3,0.0
3314,2026-06-07T09:03:27.522712,2026-06-07,Hyderabad,Vijayawada,11:00,14:40,840.0,Abhiram,0.0,3.0,3,0.0
3344,2026-06-07T09:03:52.562945,2026-06-07,Hyderabad,Warangal,11:00,12:50,350.0,N/A,,3.0,3,0.0
3345,2026-06-07T09:03:52.562945,2026-06-07,Hyderabad,Warangal,11:00,14:10,500.0,Swarnamanik,4.9,3.0,3,0.0
3374,2026-06-07T09:04:20.025614,2026-06-07,Hyderabad,Kurnool,11:00,14:30,500.0,N/A,,3.0,3,0.0
3375,2026-06-07T09:04:20.025614,2026-06-07,Hyderabad,Kurnool,11:00,14:30,500.0,Raju,0.0,3.0,3,0.0
3377,2026-06-07T09:04:20.025614,2026-06-07,Hyderabad,Kurnool,11:10,14:40,550.0,N/A,,3.0,3,0.0
3346,2026-06-07T09:03:52.562945,2026-06-07,Hyderabad,Warangal,11:30,13:30,430.0,Eshwar,5.0,3.0,3,0.0
3378,2026-06-07T09:04:20.025614,2026-06-07,Hyderabad,Kurnool,11:30,15:00,550.0,N/A,,3.0,3,0.0
6450,2026-06-07T11:19:05.243832,2026-06-07,Hyderabad,Vijayawada,11:40,15:20,810.0,Mukkidi,0.0,3.0,3,0.0
6493,2026-06-07T11:19:30.924658,2026-06-07,Hyderabad,Warangal,11:50,13:30,350.0,N/A,,3.0,3,0.0
6537,2026-06-07T11:19:53.914046,2026-06-07,Hyderabad,Kurnool,11:50,15:20,550.0,N/A,,3.0,3,0.0
3315,2026-06-07T09:03:27.522712,2026-06-07,Hyderabad,Vijayawada,12:00,18:10,770.0,N/A,,3.0,3,0.0
3316,2026-06-07T09:03:27.522712,2026-06-07,Hyderabad,Vijayawada,12:00,18:00,900.0,Raja,5.0,3.0,3,0.0
3347,2026-06-07T09:03:52.562945,2026-06-07,Hyderabad,Warangal,12:00,14:30,350.0,N/A,,3.0,3,0.0
3348,2026-06-07T09:03:52.562945,2026-06-07,Hyderabad,Warangal,12:00,14:30,400.0,N/A,,3.0,3,0.0
3349,2026-06-07T09:03:52.562945,2026-06-07,Hyderabad,Warangal,12:00,15:00,400.0,Nagapuri,4.7,3.0,3,0.0
3350,2026-06-07T09:03:52.562945,2026-06-07,Hyderabad,Warangal,12:00,14:30,420.0,N/A,,3.0,3,0.0
3351,2026-06-07T09:03:52.562945,2026-06-07,Hyderabad,Warangal,12:00,14:00,430.0,Sampath,4.5,3.0,3,0.0
3352,2026-06-07T09:03:52.562945,2026-06-07,Hyderabad,Warangal,12:00,15:00,510.0,N/A,,3.0,3,0.0
3379,2026-06-07T09:04:20.025614,2026-06-07,Hyderabad,Kurnool,12:00,14:30,580.0,N/A,,3.0,3,0.0
3380,2026-06-07T09:04:20.025614,2026-06-07,Hyderabad,Kurnool,12:00,14:50,600.0,N/A,,3.0,3,0.0
3381,2026-06-07T09:04:20.025614,2026-06-07,Hyderabad,Kurnool,12:00,14:30,620.0,N/A,,3.0,3,0.0
6451,2026-06-07T11:19:05.243832,2026-06-07,Hyderabad,Vijayawada,12:00,15:30,700.0,Pavan,0.0,3.0,3,0.0
6452,2026-06-07T11:19:05.243832,2026-06-07,Hyderabad,Vijayawada,12:00,18:20,760.0,N/A,,3.0,3,0.0
6494,2026-06-07T11:19:30.924658,2026-06-07,Hyderabad,Warangal,12:00,14:40,300.0,N/A,,3.0,3,0.0
6495,2026-06-07T11:19:30.924658,2026-06-07,Hyderabad,Warangal,12:00,15:00,340.0,N/A,,3.0,3,0.0
6501,2026-06-07T11:19:30.924658,2026-06-07,Hyderabad,Warangal,12:20,13:50,260.0,N/A,,3.0,3,0.0
3317,2026-06-07T09:03:27.522712,2026-06-07,Hyderabad,Vijayawada,12:30,17:20,690.0,N/A,,3.0,3,0.0
3318,2026-06-07T09:03:27.522712,2026-06-07,Hyderabad,Vijayawada,12:30,17:00,770.0,Dasari,0.0,3.0,3,0.0
3353,2026-06-07T09:03:52.562945,2026-06-07,Hyderabad,Warangal,12:30,15:30,530.0,N/A,,3.0,3,0.0
3383,2026-06-07T09:04:20.025614,2026-06-07,Hyderabad,Kurnool,12:30,15:00,620.0,N/A,,3.0,3,0.0
3387,2026-06-07T09:04:20.025614,2026-06-07,Hyderabad,Kurnool,12:30,15:20,700.0,Arhaan,4.5,3.0,3,0.0
6502,2026-06-07T11:19:30.924658,2026-06-07,Hyderabad,Warangal,12:30,15:00,300.0,N/A,,3.0,3,0.0
6503,2026-06-07T11:19:30.924658,2026-06-07,Hyderabad,Warangal,12:30,14:20,430.0,N/A,,3.0,3,0.0
6541,2026-06-07T11:19:53.914046,2026-06-07,Hyderabad,Kurnool,12:30,16:00,550.0,N/A,,3.0,3,0.0
3319,2026-06-07T09:03:27.522712,2026-06-07,Hyderabad,Vijayawada,13:00,18:20,680.0,Bandi Lohith,3.4,3.0,3,0.0
3320,2026-06-07T09:03:27.522712,2026-06-07,Hyderabad,Vijayawada,13:00,17:00,840.0,Abhiram,0.0,3.0,3,0.0
3354,2026-06-07T09:03:52.562945,2026-06-07,Hyderabad,Warangal,13:00,15:30,320.0,N/A,,3.0,3,0.0
3355,2026-06-07T09:03:52.562945,2026-06-07,Hyderabad,Warangal,13:00,14:50,330.0,Saikrishna,5.0,3.0,3,0.0
3356,2026-06-07T09:03:52.562945,2026-06-07,Hyderabad,Warangal,13:00,15:30,400.0,N/A,,3.0,3,0.0
3357,2026-06-07T09:03:52.562945,2026-06-07,Hyderabad,Warangal,13:00,16:00,480.0,N/A,,3.0,3,0.0
3358,2026-06-07T09:03:52.562945,2026-06-07,Hyderabad,Warangal,13:00,09:50,490.0,Madhukarchary,0.0,3.0,3,0.0
3388,2026-06-07T09:04:20.025614,2026-06-07,Hyderabad,Kurnool,13:00,15:30,600.0,N/A,,3.0,3,0.0
3389,2026-06-07T09:04:20.025614,2026-06-07,Hyderabad,Kurnool,13:00,15:30,620.0,N/A,,3.0,3,0.0
6455,2026-06-07T11:19:05.243832,2026-06-07,Hyderabad,Vijayawada,13:00,18:00,800.0,Bala,3.7,3.0,3,0.0
6505,2026-06-07T11:19:30.924658,2026-06-07,Hyderabad,Warangal,13:00,16:20,420.0,Guntuka,1.0,3.0,3,0.0
6506,2026-06-07T11:19:30.924658,2026-06-07,Hyderabad,Warangal,13:00,17:20,450.0,Raju,0.0,3.0,3,0.0
6547,2026-06-07T11:19:53.914046,2026-06-07,Hyderabad,Kurnool,13:00,15:30,580.0,N/A,,3.0,3,0.0
3390,2026-06-07T09:04:20.025614,2026-06-07,Hyderabad,Kurnool,13:20,15:40,660.0,Sunil,5.0,3.0,3,0.0
3359,2026-06-07T09:03:52.562945,2026-06-07,Hyderabad,Warangal,13:30,16:30,400.0,Gollapelli,4.0,3.0,3,0.0
3321,2026-06-07T09:03:27.522712,2026-06-07,Hyderabad,Vijayawada,13:40,18:30,830.0,Kiran,4.0,3.0,3,0.0
6457,2026-06-07T11:19:05.243832,2026-06-07,Hyderabad,Vijayawada,13:40,17:10,720.0,Balaji,5.0,3.0,3,0.0
3391,2026-06-07T09:04:20.025614,2026-06-07,Hyderabad,Kurnool,13:50,16:20,620.0,N/A,,3.0,3,0.0
3322,2026-06-07T09:03:27.522712,2026-06-07,Hyderabad,Vijayawada,14:00,18:30,690.0,Princy,5.0,3.0,3,0.0
3323,2026-06-07T09:03:27.522712,2026-06-07,Hyderabad,Vijayawada,14:00,18:30,700.0,Ramreddi,0.0,3.0,3,0.0
3324,2026-06-07T09:03:27.522712,2026-06-07,Hyderabad,Vijayawada,14:00,17:40,710.0,Joshua,4.7,3.0,3,0.0
3325,2026-06-07T09:03:27.522712,2026-06-07,Hyderabad,Vijayawada,14:00,12:10,920.0,N/A,,3.0,3,0.0
3360,2026-06-07T09:03:52.562945,2026-06-07,Hyderabad,Warangal,14:00,16:30,340.0,N/A,,3.0,3,0.0
3361,2026-06-07T09:03:52.562945,2026-06-07,Hyderabad,Warangal,14:00,10:40,470.0,Madhukarchary,0.0,3.0,3,0.0
3362,2026-06-07T09:03:52.562945,2026-06-07,Hyderabad,Warangal,14:00,17:20,500.0,Arun,5.0,3.0,3,0.0
3392,2026-06-07T09:04:20.025614,2026-06-07,Hyderabad,Kurnool,14:00,17:00,500.0,Umapathi,0.0,3.0,3,0.0
3393,2026-06-07T09:04:20.025614,2026-06-07,Hyderabad,Kurnool,14:00,16:50,580.0,N/A,,3.0,3,0.0
6459,2026-06-07T11:19:05.243832,2026-06-07,Hyderabad,Vijayawada,14:00,17:20,600.0,Venkat,4.2,3.0,3,0.0
6463,2026-06-07T11:19:05.243832,2026-06-07,Hyderabad,Vijayawada,14:00,17:40,800.0,Sheetal,3.3,3.0,3,0.0
6464,2026-06-07T11:19:05.243832,2026-06-07,Hyderabad,Vijayawada,14:00,19:30,850.0,Bhanu,5.0,3.0,3,0.0
6510,2026-06-07T11:19:30.924658,2026-06-07,Hyderabad,Warangal,14:00,15:50,330.0,Saikrishna,5.0,3.0,3,0.0
6512,2026-06-07T11:19:30.924658,2026-06-07,Hyderabad,Warangal,14:00,16:30,350.0,N/A,,3.0,3,0.0
6551,2026-06-07T11:19:53.914046,2026-06-07,Hyderabad,Kurnool,14:00,17:20,640.0,N/A,,3.0,3,0.0
3326,2026-06-07T09:03:27.522712,2026-06-07,Hyderabad,Vijayawada,14:10,19:20,600.0,Bala Krishna Reddy,0.0,3.0,3,0.0
3327,2026-06-07T09:03:27.522712,2026-06-07,Hyderabad,Vijayawada,14:20,19:00,780.0,N/A,,3.0,3,0.0
3394,2026-06-07T09:04:20.025614,2026-06-07,Hyderabad,Kurnool,14:30,18:00,600.0,N/A,,3.0,3,0.0
3395,2026-06-07T09:04:20.025614,2026-06-07,Hyderabad,Kurnool,14:30,17:20,630.0,N/A,,3.0,3,0.0
6468,2026-06-07T11:19:05.243832,2026-06-07,Hyderabad,Vijayawada,14:30,18:40,720.0,Akshay,0.0,3.0,3,0.0
6469,2026-06-07T11:19:05.243832,2026-06-07,Hyderabad,Vijayawada,14:30,20:10,750.0,Pranith,5.0,3.0,3,0.0
6514,2026-06-07T11:19:30.924658,2026-06-07,Hyderabad,Warangal,14:30,16:20,360.0,N/A,,3.0,3,0.0
6552,2026-06-07T11:19:53.914046,2026-06-07,Hyderabad,Kurnool,14:30,18:00,500.0,N/A,,3.0,3,0.0
6555,2026-06-07T11:19:53.914046,2026-06-07,Hyderabad,Kurnool,14:50,17:40,630.0,N/A,,3.0,3,0.0
3396,2026-06-07T09:04:20.025614,2026-06-07,Hyderabad,Kurnool,15:00,17:30,590.0,N/A,,3.0,3,0.0
3397,2026-06-07T09:04:20.025614,2026-06-07,Hyderabad,Kurnool,15:00,18:30,680.0,N/A,,3.0,3,0.0
6470,2026-06-07T11:19:05.243832,2026-06-07,Hyderabad,Vijayawada,15:00,19:00,640.0,Kottu,2.5,3.0,3,0.0
6471,2026-06-07T11:19:05.243832,2026-06-07,Hyderabad,Vijayawada,15:00,20:20,820.0,Virat,5.0,3.0,3,0.0
6515,2026-06-07T11:19:30.924658,2026-06-07,Hyderabad,Warangal,15:00,18:00,460.0,Rajeev,4.0,3.0,3,0.0
6557,2026-06-07T11:19:53.914046,2026-06-07,Hyderabad,Kurnool,15:00,17:50,630.0,N/A,,3.0,3,0.0
6472,2026-06-07T11:19:05.243832,2026-06-07,Hyderabad,Vijayawada,15:20,19:10,880.0,Leela,5.0,3.0,3,0.0
6559,2026-06-07T11:19:53.914046,2026-06-07,Hyderabad,Kurnool,15:20,19:00,620.0,Chandu,5.0,3.0,3,0.0
6516,2026-06-07T11:19:30.924658,2026-06-07,Hyderabad,Warangal,15:30,11:50,460.0,Ravi,4.8,3.0,3,0.0
6517,2026-06-07T11:19:30.924658,2026-06-07,Hyderabad,Warangal,15:50,12:10,460.0,Ravi,4.8,3.0,3,0.0
3363,2026-06-07T09:03:52.562945,2026-06-07,Hyderabad,Warangal,16:00,18:20,350.0,Rayappa Roy,0.0,3.0,3,0.0
3398,2026-06-07T09:04:20.025614,2026-06-07,Hyderabad,Kurnool,16:00,19:50,500.0,Prashanth,3.0,3.0,3,0.0
6473,2026-06-07T11:19:05.243832,2026-06-07,Hyderabad,Vijayawada,16:00,19:50,670.0,Rudrapati,0.0,3.0,3,0.0
6474,2026-06-07T11:19:05.243832,2026-06-07,Hyderabad,Vijayawada,16:00,21:30,800.0,N/A,,3.0,3,0.0
6475,2026-06-07T11:19:05.243832,2026-06-07,Hyderabad,Vijayawada,16:00,20:50,820.0,Instant Booking,,3.0,3,0.0
6519,2026-06-07T11:19:30.924658,2026-06-07,Hyderabad,Warangal,16:00,18:30,430.0,Nithin,5.0,3.0,3,0.0
6520,2026-06-07T11:19:30.924658,2026-06-07,Hyderabad,Warangal,16:00,19:20,450.0,Kishor,0.0,3.0,3,0.0
6521,2026-06-07T11:19:30.924658,2026-06-07,Hyderabad,Warangal,16:00,19:10,500.0,Nithin,3.9,3.0,3,0.0
6522,2026-06-07T11:19:30.924658,2026-06-07,Hyderabad,Warangal,16:10,18:50,330.0,N/A,,3.0,3,0.0
6476,2026-06-07T11:19:05.243832,2026-06-07,Hyderabad,Vijayawada,16:20,19:40,700.0,Sravan,0.0,3.0,3,0.0
6477,2026-06-07T11:19:05.243832,2026-06-07,Hyderabad,Vijayawada,16:20,21:00,780.0,N/A,,3.0,3,0.0
3399,2026-06-07T09:04:20.025614,2026-06-07,Hyderabad,Kurnool,16:30,20:00,550.0,N/A,,3.0,3,0.0
3400,2026-06-07T09:04:20.025614,2026-06-07,Hyderabad,Kurnool,16:50,20:20,550.0,N/A,,3.0,3,0.0
6478,2026-06-07T11:19:05.243832,2026-06-07,Hyderabad,Vijayawada,17:00,22:40,780.0,Anil,4.8,3.0,3,0.0
6479,2026-06-07T11:19:05.243832,2026-06-07,Hyderabad,Vijayawada,17:00,22:20,800.0,N/A,,3.0,3,0.0
6523,2026-06-07T11:19:30.924658,2026-06-07,Hyderabad,Warangal,17:00,20:50,480.0,N/A,,3.0,3,0.0
6562,2026-06-07T11:19:53.914046,2026-06-07,Hyderabad,Kurnool,17:00,19:40,470.0,N/A,,3.0,3,0.0
6480,2026-06-07T11:19:05.243832,2026-06-07,Hyderabad,Vijayawada,17:10,23:30,720.0,N/A,,3.0,3,0.0
6524,2026-06-07T11:19:30.924658,2026-06-07,Hyderabad,Warangal,17:20,20:20,400.0,Sujith,0.0,3.0,3,0.0
6525,2026-06-07T11:19:30.924658,2026-06-07,Hyderabad,Warangal,17:30,20:00,380.0,N/A,,3.0,3,0.0
6526,2026-06-07T11:19:30.924658,2026-06-07,Hyderabad,Warangal,17:30,20:00,500.0,Mohammed,5.0,3.0,3,0.0
6527,2026-06-07T11:19:30.924658,2026-06-07,Hyderabad,Warangal,17:30,20:30,520.0,N/A,,3.0,3,0.0
6563,2026-06-07T11:19:53.914046,2026-06-07,Hyderabad,Kurnool,17:40,20:50,640.0,N/A,,3.0,3,0.0
6481,2026-06-07T11:19:05.243832,2026-06-07,Hyderabad,Vijayawada,18:00,20:50,500.0,N/A,,3.0,3,0.0
6482,2026-06-07T11:19:05.243832,2026-06-07,Hyderabad,Vijayawada,18:00,22:30,650.0,Instant Booking,,3.0,3,0.0
6483,2026-06-07T11:19:05.243832,2026-06-07,Hyderabad,Vijayawada,18:00,22:30,660.0,Omkar,3.8,3.0,3,0.0
6528,2026-06-07T11:19:30.924658,2026-06-07,Hyderabad,Warangal,18:00,20:00,250.0,N/A,,3.0,3,0.0
6529,2026-06-07T11:19:30.924658,2026-06-07,Hyderabad,Warangal,18:00,19:50,390.0,Saiteja,0.0,3.0,3,0.0
6530,2026-06-07T11:19:30.924658,2026-06-07,Hyderabad,Warangal,18:00,20:30,420.0,N/A,,3.0,3,0.0
6531,2026-06-07T11:19:30.924658,2026-06-07,Hyderabad,Warangal,18:00,20:40,450.0,Shreyash,4.7,3.0,3,0.0
6484,2026-06-07T11:19:05.243832,2026-06-07,Hyderabad,Vijayawada,18:10,23:00,820.0,Sriman,3.0,3.0,3,0.0
6532,2026-06-07T11:19:30.924658,2026-06-07,Hyderabad,Warangal,18:10,20:30,360.0,Ephraim,0.0,3.0,3,0.0
6533,2026-06-07T11:19:30.924658,2026-06-07,Hyderabad,Warangal,18:10,20:40,580.0,N/A,,3.0,3,0.0
6534,2026-06-07T11:19:30.924658,2026-06-07,Hyderabad,Warangal,18:30,21:00,340.0,N/A,,3.0,3,0.0
6535,2026-06-07T11:19:30.924658,2026-06-07,Hyderabad,Warangal,18:30,21:40,490.0,N/A,,3.0,3,0.0
6485,2026-06-07T11:19:05.243832,2026-06-07,Hyderabad,Vijayawada,19:00,00:10,670.0,Arun,4.7,3.0,3,0.0
6486,2026-06-07T11:19:05.243832,2026-06-07,Hyderabad,Vijayawada,19:00,23:00,780.0,Sai,0.0,3.0,3,0.0
6487,2026-06-07T11:19:05.243832,2026-06-07,Hyderabad,Vijayawada,19:00,00:10,800.0,N/A,,3.0,3,0.0
6536,2026-06-07T11:19:30.924658,2026-06-07,Hyderabad,Warangal,19:00,21:30,350.0,N/A,,3.0,3,0.0
6564,2026-06-07T11:19:53.914046,2026-06-07,Hyderabad,Kurnool,19:00,22:20,590.0,N/A,,3.0,3,0.0
6488,2026-06-07T11:19:05.243832,2026-06-07,Hyderabad,Vijayawada,19:20,00:50,850.0,N/A,,3.0,3,0.0
6489,2026-06-07T11:19:05.243832,2026-06-07,Hyderabad,Vijayawada,19:30,00:50,780.0,Sai,0.0,3.0,3,0.0
6490,2026-06-07T11:19:05.243832,2026-06-07,Hyderabad,Vijayawada,20:00,00:30,590.0,Prasanth,0.0,3.0,3,0.0
6491,2026-06-07T11:19:05.243832,2026-06-07,Hyderabad,Vijayawada,20:00,00:00,700.0,Avinash,0.0,3.0,3,0.0
6492,2026-06-07T11:19:05.243832,2026-06-07,Hyderabad,Vijayawada,20:00,02:30,710.0,Sanju,0.0,3.0,3,0.0
6565,2026-06-07T11:19:53.914046,2026-06-07,Hyderabad,Kurnool,20:00,23:30,500.0,N/A,,3.0,3,0.0
6567,2026-06-07T11:19:53.914046,2026-06-07,Hyderabad,Kurnool,21:00,00:30,550.0,N/A,,3.0,3,0.0
6568,2026-06-07T11:19:53.914046,2026-06-07,Hyderabad,Kurnool,21:00,23:40,600.0,N/A,,3.0,3,0.0
6569,2026-06-07T11:19:53.914046,2026-06-07,Hyderabad,Kurnool,21:20,00:50,550.0,N/A,,3.0,3,0.0
6570,2026-06-07T11:19:53.914046,2026-06-07,Hyderabad,Kurnool,22:00,00:30,590.0,N/A,,3.0,3,0.0
6571,2026-06-07T11:19:53.914046,2026-06-07,Hyderabad,Kurnool,23:20,02:00,610.0,Adinarayana,0.0,3.0,3,0.0
3471,2026-06-07T09:05:48.562663,2026-06-07,Kurnool,Hyderabad,09:30,13:20,500.0,Uma Shankar,4.0,3.0,3,0.0
3472,2026-06-07T09:05:48.562663,2026-06-07,Kurnool,Hyderabad,09:30,12:00,590.0,N/A,,3.0,3,0.0
3473,2026-06-07T09:05:48.562663,2026-06-07,Kurnool,Hyderabad,09:40,12:30,630.0,Srinirao,0.0,3.0,3,0.0
3474,2026-06-07T09:05:48.562663,2026-06-07,Kurnool,Hyderabad,10:00,12:40,480.0,Kayyum,3.8,3.0,3,0.0
3475,2026-06-07T09:05:48.562663,2026-06-07,Kurnool,Hyderabad,10:30,14:00,500.0,N/A,,3.0,3,0.0
3476,2026-06-07T09:05:48.562663,2026-06-07,Kurnool,Hyderabad,10:30,14:00,500.0,Nivas,2.9,3.0,3,0.0
3477,2026-06-07T09:05:48.562663,2026-06-07,Kurnool,Hyderabad,10:30,14:10,500.0,Nani,4.2,3.0,3,0.0
3478,2026-06-07T09:05:48.562663,2026-06-07,Kurnool,Hyderabad,10:30,14:00,500.0,Harshith,4.8,3.0,3,0.0
3479,2026-06-07T09:05:48.562663,2026-06-07,Kurnool,Hyderabad,10:40,13:30,630.0,Srinirao,0.0,3.0,3,0.0
3480,2026-06-07T09:05:48.562663,2026-06-07,Kurnool,Hyderabad,10:50,14:20,500.0,Nivas,2.9,3.0,3,0.0
3481,2026-06-07T09:05:48.562663,2026-06-07,Kurnool,Hyderabad,11:00,14:40,640.0,Ramesh,4.7,3.0,3,0.0
3482,2026-06-07T09:05:48.562663,2026-06-07,Kurnool,Hyderabad,11:30,14:20,580.0,N/A,,3.0,3,0.0
3483,2026-06-07T09:05:48.562663,2026-06-07,Kurnool,Hyderabad,12:00,14:30,620.0,Jayam,3.7,3.0,3,0.0
6640,2026-06-07T11:21:17.765018,2026-06-07,Kurnool,Hyderabad,12:00,16:30,550.0,N/A,,3.0,3,0.0
6641,2026-06-07T11:21:17.765018,2026-06-07,Kurnool,Hyderabad,12:10,14:50,480.0,Teja,3.0,3.0,3,0.0
6642,2026-06-07T11:21:17.765018,2026-06-07,Kurnool,Hyderabad,12:10,15:50,640.0,Ramesh,4.7,3.0,3,0.0
3484,2026-06-07T09:05:48.562663,2026-06-07,Kurnool,Hyderabad,12:20,14:50,630.0,Mabu,5.0,3.0,3,0.0
3485,2026-06-07T09:05:48.562663,2026-06-07,Kurnool,Hyderabad,12:20,15:00,650.0,Narayana,5.0,3.0,3,0.0
6644,2026-06-07T11:21:17.765018,2026-06-07,Kurnool,Hyderabad,12:30,16:10,500.0,Nagarjuna,0.0,3.0,3,0.0
3486,2026-06-07T09:05:48.562663,2026-06-07,Kurnool,Hyderabad,12:40,15:10,620.0,N/A,,3.0,3,0.0
3487,2026-06-07T09:05:48.562663,2026-06-07,Kurnool,Hyderabad,13:00,16:30,490.0,Tharun,0.0,3.0,3,0.0
3488,2026-06-07T09:05:48.562663,2026-06-07,Kurnool,Hyderabad,13:00,17:00,500.0,N/A,,3.0,3,0.0
3489,2026-06-07T09:05:48.562663,2026-06-07,Kurnool,Hyderabad,13:00,17:30,550.0,N/A,,3.0,3,0.0
3491,2026-06-07T09:05:48.562663,2026-06-07,Kurnool,Hyderabad,13:00,15:50,600.0,N/A,,3.0,3,0.0
6647,2026-06-07T11:21:17.765018,2026-06-07,Kurnool,Hyderabad,13:00,16:30,550.0,Murali,4.1,3.0,3,0.0
3492,2026-06-07T09:05:48.562663,2026-06-07,Kurnool,Hyderabad,13:30,17:00,500.0,N/A,,3.0,3,0.0
6651,2026-06-07T11:21:17.765018,2026-06-07,Kurnool,Hyderabad,13:40,17:40,600.0,Balu,4.4,3.0,3,0.0
6652,2026-06-07T11:21:17.765018,2026-06-07,Kurnool,Hyderabad,14:00,17:40,600.0,Balu,4.4,3.0,3,0.0
3493,2026-06-07T09:05:48.562663,2026-06-07,Kurnool,Hyderabad,14:30,18:10,490.0,Anees,0.0,3.0,3,0.0
6654,2026-06-07T11:21:17.765018,2026-06-07,Kurnool,Hyderabad,14:30,18:00,600.0,Rajasekhar,5.0,3.0,3,0.0
3494,2026-06-07T09:05:48.562663,2026-06-07,Kurnool,Hyderabad,14:40,17:30,590.0,Jaithwala,0.0,3.0,3,0.0
3495,2026-06-07T09:05:48.562663,2026-06-07,Kurnool,Hyderabad,14:50,17:40,600.0,Imran,0.0,3.0,3,0.0
6656,2026-06-07T11:21:17.765018,2026-06-07,Kurnool,Hyderabad,14:50,17:40,650.0,Amarnath Reddy,4.3,3.0,3,0.0
6657,2026-06-07T11:21:17.765018,2026-06-07,Kurnool,Hyderabad,15:00,18:40,490.0,Prathap,0.0,3.0,3,0.0
6658,2026-06-07T11:21:17.765018,2026-06-07,Kurnool,Hyderabad,15:00,18:40,490.0,Vallepu,4.8,3.0,3,0.0
6659,2026-06-07T11:21:17.765018,2026-06-07,Kurnool,Hyderabad,15:00,18:40,500.0,Bala,4.1,3.0,3,0.0
6660,2026-06-07T11:21:17.765018,2026-06-07,Kurnool,Hyderabad,15:30,18:40,500.0,Prem,4.9,3.0,3,0.0
6661,2026-06-07T11:21:17.765018,2026-06-07,Kurnool,Hyderabad,16:00,19:30,550.0,Ganga,3.4,3.0,3,0.0
6662,2026-06-07T11:21:17.765018,2026-06-07,Kurnool,Hyderabad,16:00,18:50,650.0,Sai,5.0,3.0,3,0.0
6663,2026-06-07T11:21:17.765018,2026-06-07,Kurnool,Hyderabad,16:10,18:50,540.0,Carthyk,4.9,3.0,3,0.0
6664,2026-06-07T11:21:17.765018,2026-06-07,Kurnool,Hyderabad,16:30,19:50,440.0,Bharath,5.0,3.0,3,0.0
6665,2026-06-07T11:21:17.765018,2026-06-07,Kurnool,Hyderabad,16:40,19:20,550.0,N/A,,3.0,3,0.0
6666,2026-06-07T11:21:17.765018,2026-06-07,Kurnool,Hyderabad,16:50,19:20,630.0,Jayachandra,4.0,3.0,3,0.0
6667,2026-06-07T11:21:17.765018,2026-06-07,Kurnool,Hyderabad,17:00,21:00,500.0,N/A,,3.0,3,0.0
6668,2026-06-07T11:21:17.765018,2026-06-07,Kurnool,Hyderabad,17:00,21:20,550.0,N/A,,3.0,3,0.0
6669,2026-06-07T11:21:17.765018,2026-06-07,Kurnool,Hyderabad,17:50,20:50,710.0,Reddy,4.4,3.0,3,0.0
6670,2026-06-07T11:21:17.765018,2026-06-07,Kurnool,Hyderabad,18:00,23:20,500.0,N/A,,1.0,3,2.0
6671,2026-06-07T11:21:17.765018,2026-06-07,Kurnool,Hyderabad,18:00,21:40,500.0,Sudheer,5.0,3.0,3,0.0
6672,2026-06-07T11:21:17.765018,2026-06-07,Kurnool,Hyderabad,18:20,21:20,680.0,Seshukumar,5.0,3.0,3,0.0
3401,2026-06-07T09:04:48.423252,2026-06-07,Vijayawada,Hyderabad,09:30,14:00,590.0,Palcham,4.5,3.0,3,0.0
3402,2026-06-07T09:04:48.423252,2026-06-07,Vijayawada,Hyderabad,09:50,14:20,600.0,Palcham,4.5,3.0,3,0.0
3403,2026-06-07T09:04:48.423252,2026-06-07,Vijayawada,Hyderabad,10:00,13:30,590.0,Prasanth,0.0,3.0,3,0.0
3404,2026-06-07T09:04:48.423252,2026-06-07,Vijayawada,Hyderabad,10:30,15:40,700.0,Shaik,4.0,3.0,3,0.0
3405,2026-06-07T09:04:48.423252,2026-06-07,Vijayawada,Hyderabad,10:30,16:30,850.0,Uday,4.9,3.0,3,0.0
3406,2026-06-07T09:04:48.423252,2026-06-07,Vijayawada,Hyderabad,11:00,16:00,680.0,Gautham,0.0,3.0,3,0.0
3407,2026-06-07T09:04:48.423252,2026-06-07,Vijayawada,Hyderabad,11:00,15:30,700.0,Yadagiri,4.5,3.0,3,0.0
3408,2026-06-07T09:04:48.423252,2026-06-07,Vijayawada,Hyderabad,11:30,16:00,590.0,Suresh,4.6,3.0,3,0.0
3409,2026-06-07T09:04:48.423252,2026-06-07,Vijayawada,Hyderabad,11:50,16:20,590.0,Suresh,4.6,3.0,3,0.0
3410,2026-06-07T09:04:48.423252,2026-06-07,Vijayawada,Hyderabad,12:00,17:30,840.0,N/A,,3.0,3,0.0
3411,2026-06-07T09:04:48.423252,2026-06-07,Vijayawada,Hyderabad,12:00,16:20,910.0,N/A,,3.0,3,0.0
6573,2026-06-07T11:20:18.920237,2026-06-07,Vijayawada,Hyderabad,12:00,16:30,700.0,Yadagiri,4.5,3.0,3,0.0
6574,2026-06-07T11:20:18.920237,2026-06-07,Vijayawada,Hyderabad,12:00,16:30,720.0,Ram,0.0,3.0,3,0.0
3412,2026-06-07T09:04:48.423252,2026-06-07,Vijayawada,Hyderabad,12:30,18:00,890.0,Javed,0.0,3.0,3,0.0
6577,2026-06-07T11:20:18.920237,2026-06-07,Vijayawada,Hyderabad,12:30,18:00,880.0,Javed,0.0,3.0,3,0.0
3413,2026-06-07T09:04:48.423252,2026-06-07,Vijayawada,Hyderabad,12:40,17:10,700.0,Gokul Chintu,0.0,3.0,3,0.0
3414,2026-06-07T09:04:48.423252,2026-06-07,Vijayawada,Hyderabad,13:00,17:30,550.0,Basha,5.0,3.0,3,0.0
3415,2026-06-07T09:04:48.423252,2026-06-07,Vijayawada,Hyderabad,13:00,16:30,580.0,Adithya,3.0,3.0,3,0.0
3416,2026-06-07T09:04:48.423252,2026-06-07,Vijayawada,Hyderabad,13:00,17:10,700.0,Muralikrishna,5.0,3.0,3,0.0
3417,2026-06-07T09:04:48.423252,2026-06-07,Vijayawada,Hyderabad,13:00,16:30,780.0,Vamsi,4.2,3.0,3,0.0
3418,2026-06-07T09:04:48.423252,2026-06-07,Vijayawada,Hyderabad,13:00,19:20,800.0,Kalyan,0.0,3.0,3,0.0
3419,2026-06-07T09:04:48.423252,2026-06-07,Vijayawada,Hyderabad,13:00,18:10,800.0,Godavarthi,5.0,3.0,3,0.0
3420,2026-06-07T09:04:48.423252,2026-06-07,Vijayawada,Hyderabad,13:10,17:20,960.0,Shajahan,0.0,3.0,3,0.0
6581,2026-06-07T11:20:18.920237,2026-06-07,Vijayawada,Hyderabad,13:20,17:50,700.0,Instant Booking,,3.0,3,0.0
6582,2026-06-07T11:20:18.920237,2026-06-07,Vijayawada,Hyderabad,13:30,18:00,550.0,Basha,5.0,3.0,3,0.0
6583,2026-06-07T11:20:18.920237,2026-06-07,Vijayawada,Hyderabad,13:30,18:20,650.0,Ravi,0.0,3.0,3,0.0
6584,2026-06-07T11:20:18.920237,2026-06-07,Vijayawada,Hyderabad,13:30,18:50,700.0,Narendra Kumar,4.4,3.0,3,0.0
6585,2026-06-07T11:20:18.920237,2026-06-07,Vijayawada,Hyderabad,13:30,17:20,800.0,Gowtham,5.0,3.0,3,0.0
3421,2026-06-07T09:04:48.423252,2026-06-07,Vijayawada,Hyderabad,13:40,19:10,600.0,Pandu,4.5,3.0,3,0.0
3422,2026-06-07T09:04:48.423252,2026-06-07,Vijayawada,Hyderabad,13:40,17:10,740.0,Satish,0.0,3.0,3,0.0
3423,2026-06-07T09:04:48.423252,2026-06-07,Vijayawada,Hyderabad,14:00,20:10,740.0,N/A,,3.0,3,0.0
6587,2026-06-07T11:20:18.920237,2026-06-07,Vijayawada,Hyderabad,14:00,19:00,700.0,Prem,4.8,3.0,3,0.0
6588,2026-06-07T11:20:18.920237,2026-06-07,Vijayawada,Hyderabad,14:00,19:10,800.0,Godavarthi,5.0,3.0,3,0.0
3424,2026-06-07T09:04:48.423252,2026-06-07,Vijayawada,Hyderabad,14:30,18:30,630.0,N/A,,3.0,3,0.0
6589,2026-06-07T11:20:18.920237,2026-06-07,Vijayawada,Hyderabad,14:30,20:00,840.0,Ajay,0.0,3.0,3,0.0
3425,2026-06-07T09:04:48.423252,2026-06-07,Vijayawada,Hyderabad,14:40,21:20,880.0,N/A,,3.0,3,0.0
3426,2026-06-07T09:04:48.423252,2026-06-07,Vijayawada,Hyderabad,15:00,21:20,720.0,Krishna,4.9,3.0,3,0.0
3427,2026-06-07T09:04:48.423252,2026-06-07,Vijayawada,Hyderabad,15:00,20:10,750.0,Abhishek,4.9,3.0,3,0.0
3428,2026-06-07T09:04:48.423252,2026-06-07,Vijayawada,Hyderabad,15:00,20:30,790.0,Kokkiligadda,0.0,3.0,3,0.0
3429,2026-06-07T09:04:48.423252,2026-06-07,Vijayawada,Hyderabad,15:00,18:40,890.0,Phani Kumar,5.0,3.0,3,0.0
3430,2026-06-07T09:04:48.423252,2026-06-07,Vijayawada,Hyderabad,15:00,19:20,910.0,N/A,,3.0,3,0.0
3431,2026-06-07T09:04:48.423252,2026-06-07,Vijayawada,Hyderabad,15:10,18:30,760.0,Laxmi,5.0,3.0,3,0.0
3432,2026-06-07T09:04:48.423252,2026-06-07,Vijayawada,Hyderabad,15:20,22:00,850.0,N/A,,3.0,3,0.0
6595,2026-06-07T11:20:18.920237,2026-06-07,Vijayawada,Hyderabad,15:20,19:30,840.0,Santosh,4.4,3.0,3,0.0
3433,2026-06-07T09:04:48.423252,2026-06-07,Vijayawada,Hyderabad,15:30,20:00,700.0,Lavan,3.5,3.0,3,0.0
3434,2026-06-07T09:04:48.423252,2026-06-07,Vijayawada,Hyderabad,16:00,21:00,650.0,Sameer,5.0,3.0,3,0.0
3435,2026-06-07T09:05:19.399143,2026-06-07,Warangal,Hyderabad,09:30,12:40,350.0,N/A,,3.0,3,0.0
3436,2026-06-07T09:05:19.399143,2026-06-07,Warangal,Hyderabad,09:30,12:40,410.0,Nikhil,5.0,3.0,3,0.0
3437,2026-06-07T09:05:19.399143,2026-06-07,Warangal,Hyderabad,09:40,12:20,400.0,Roshan,5.0,3.0,3,0.0
3438,2026-06-07T09:05:19.399143,2026-06-07,Warangal,Hyderabad,10:00,12:10,250.0,Rakesh,0.0,3.0,3,0.0
3439,2026-06-07T09:05:19.399143,2026-06-07,Warangal,Hyderabad,10:00,12:40,330.0,Suruguri,3.1,3.0,3,0.0
3440,2026-06-07T09:05:19.399143,2026-06-07,Warangal,Hyderabad,10:00,12:40,350.0,Rajender,0.0,3.0,3,0.0
3441,2026-06-07T09:05:19.399143,2026-06-07,Warangal,Hyderabad,10:00,13:10,360.0,Uday Kumar,4.5,3.0,3,0.0
3442,2026-06-07T09:05:19.399143,2026-06-07,Warangal,Hyderabad,10:00,12:40,370.0,Sai,3.9,3.0,3,0.0
3443,2026-06-07T09:05:19.399143,2026-06-07,Warangal,Hyderabad,10:00,12:40,400.0,Raju,4.9,3.0,3,0.0
3444,2026-06-07T09:05:19.399143,2026-06-07,Warangal,Hyderabad,10:00,13:10,400.0,N/A,,3.0,3,0.0
3445,2026-06-07T09:05:19.399143,2026-06-07,Warangal,Hyderabad,10:00,13:20,500.0,Bharath,4.6,3.0,3,0.0
3446,2026-06-07T09:05:19.399143,2026-06-07,Warangal,Hyderabad,10:00,13:20,550.0,N/A,,3.0,3,0.0
3447,2026-06-07T09:05:19.399143,2026-06-07,Warangal,Hyderabad,10:30,12:50,290.0,Rakhi,4.8,3.0,3,0.0
3448,2026-06-07T09:05:19.399143,2026-06-07,Warangal,Hyderabad,10:30,13:10,350.0,Ajay,4.3,3.0,3,0.0
3449,2026-06-07T09:05:19.399143,2026-06-07,Warangal,Hyderabad,10:30,13:10,350.0,Suman,3.7,3.0,3,0.0
3450,2026-06-07T09:05:19.399143,2026-06-07,Warangal,Hyderabad,10:30,13:10,450.0,Nandu,0.0,3.0,3,0.0
3451,2026-06-07T09:05:19.399143,2026-06-07,Warangal,Hyderabad,10:30,13:50,480.0,Srikanth,0.0,3.0,3,0.0
3452,2026-06-07T09:05:19.399143,2026-06-07,Warangal,Hyderabad,10:30,13:40,500.0,N/A,,3.0,3,0.0
3453,2026-06-07T09:05:19.399143,2026-06-07,Warangal,Hyderabad,10:50,13:00,300.0,Shivakrishna,0.0,3.0,3,0.0
3454,2026-06-07T09:05:19.399143,2026-06-07,Warangal,Hyderabad,10:50,12:40,330.0,Saikrishna,5.0,3.0,3,0.0
3455,2026-06-07T09:05:19.399143,2026-06-07,Warangal,Hyderabad,10:50,12:40,400.0,Chatlapalli,3.8,3.0,3,0.0
3456,2026-06-07T09:05:19.399143,2026-06-07,Warangal,Hyderabad,10:50,12:40,430.0,Jinukala,0.0,3.0,3,0.0
3457,2026-06-07T09:05:19.399143,2026-06-07,Warangal,Hyderabad,11:00,12:50,310.0,Praveen,3.0,3.0,3,0.0
3458,2026-06-07T09:05:19.399143,2026-06-07,Warangal,Hyderabad,11:00,13:40,400.0,Krishna,4.7,3.0,3,0.0
3459,2026-06-07T09:05:19.399143,2026-06-07,Warangal,Hyderabad,11:00,14:10,400.0,N/A,,3.0,3,0.0
3460,2026-06-07T09:05:19.399143,2026-06-07,Warangal,Hyderabad,11:00,14:20,500.0,N/A,,3.0,3,0.0
3461,2026-06-07T09:05:19.399143,2026-06-07,Warangal,Hyderabad,11:10,13:50,430.0,Prashanth Kumar,0.0,3.0,3,0.0
3462,2026-06-07T09:05:19.399143,2026-06-07,Warangal,Hyderabad,11:30,13:50,540.0,Tharun,2.3,3.0,3,0.0
3463,2026-06-07T09:05:19.399143,2026-06-07,Warangal,Hyderabad,11:30,13:50,540.0,Kapil Raj,4.2,3.0,3,0.0
3464,2026-06-07T09:05:19.399143,2026-06-07,Warangal,Hyderabad,11:30,13:50,540.0,Sai Azmera,4.5,3.0,3,0.0
3465,2026-06-07T09:05:19.399143,2026-06-07,Warangal,Hyderabad,11:40,14:20,380.0,Madhu,0.0,3.0,3,0.0
6597,2026-06-07T11:20:47.005010,2026-06-07,Warangal,Hyderabad,11:40,14:40,440.0,Sai,5.0,3.0,3,0.0
3466,2026-06-07T09:05:19.399143,2026-06-07,Warangal,Hyderabad,11:50,14:10,540.0,Kapil Raj,4.2,3.0,3,0.0
3467,2026-06-07T09:05:19.399143,2026-06-07,Warangal,Hyderabad,11:50,14:10,540.0,Sai Azmera,4.5,3.0,3,0.0
6598,2026-06-07T11:20:47.005010,2026-06-07,Warangal,Hyderabad,11:50,14:30,330.0,Madhu,0.0,3.0,3,0.0
3468,2026-06-07T09:05:19.399143,2026-06-07,Warangal,Hyderabad,12:00,13:40,300.0,N/A,,3.0,3,0.0
3469,2026-06-07T09:05:19.399143,2026-06-07,Warangal,Hyderabad,12:00,14:40,370.0,Sai,3.9,3.0,3,0.0
3470,2026-06-07T09:05:19.399143,2026-06-07,Warangal,Hyderabad,12:00,14:40,380.0,Srinivas,4.0,3.0,3,0.0
6603,2026-06-07T11:20:47.005010,2026-06-07,Warangal,Hyderabad,12:00,14:40,400.0,Krishna,4.7,3.0,3,0.0
6604,2026-06-07T11:20:47.005010,2026-06-07,Warangal,Hyderabad,12:00,14:40,400.0,Raju,4.9,3.0,3,0.0
6605,2026-06-07T11:20:47.005010,2026-06-07,Warangal,Hyderabad,12:00,15:40,400.0,Johny,4.8,3.0,3,0.0
6606,2026-06-07T11:20:47.005010,2026-06-07,Warangal,Hyderabad,12:00,15:20,500.0,N/A,,3.0,3,0.0
6607,2026-06-07T11:20:47.005010,2026-06-07,Warangal,Hyderabad,12:00,15:20,550.0,Harish,4.5,3.0,3,0.0
6608,2026-06-07T11:20:47.005010,2026-06-07,Warangal,Hyderabad,12:10,14:20,400.0,Devulapally,5.0,3.0,3,0.0
6609,2026-06-07T11:20:47.005010,2026-06-07,Warangal,Hyderabad,12:30,15:10,440.0,Shreyash,4.7,3.0,3,0.0
6610,2026-06-07T11:20:47.005010,2026-06-07,Warangal,Hyderabad,12:30,16:00,450.0,Chatlapalli,3.8,3.0,3,0.0
6611,2026-06-07T11:20:47.005010,2026-06-07,Warangal,Hyderabad,12:30,15:50,550.0,Harish,4.5,3.0,3,0.0
6612,2026-06-07T11:20:47.005010,2026-06-07,Warangal,Hyderabad,12:40,15:20,330.0,Suruguri,3.1,3.0,3,0.0
6613,2026-06-07T11:20:47.005010,2026-06-07,Warangal,Hyderabad,12:50,15:30,370.0,Sandeep,0.0,3.0,3,0.0
6614,2026-06-07T11:20:47.005010,2026-06-07,Warangal,Hyderabad,13:00,15:20,350.0,Hari,5.0,3.0,3,0.0
6615,2026-06-07T11:20:47.005010,2026-06-07,Warangal,Hyderabad,13:00,15:40,370.0,Sai,3.9,3.0,3,0.0
6616,2026-06-07T11:20:47.005010,2026-06-07,Warangal,Hyderabad,13:10,16:10,500.0,Sai Siddhu,4.3,3.0,3,0.0
6617,2026-06-07T11:20:47.005010,2026-06-07,Warangal,Hyderabad,14:00,15:40,330.0,Instant Booking,,3.0,3,0.0
6618,2026-06-07T11:20:47.005010,2026-06-07,Warangal,Hyderabad,14:00,16:40,380.0,Ravinder,4.4,3.0,3,0.0
6619,2026-06-07T11:20:47.005010,2026-06-07,Warangal,Hyderabad,14:00,15:50,400.0,Chatlapalli,3.8,3.0,3,0.0
6620,2026-06-07T11:20:47.005010,2026-06-07,Warangal,Hyderabad,14:00,17:30,570.0,N/A,,3.0,3,0.0
6621,2026-06-07T11:20:47.005010,2026-06-07,Warangal,Hyderabad,14:00,17:10,590.0,N/A,,3.0,3,0.0
6622,2026-06-07T11:20:47.005010,2026-06-07,Warangal,Hyderabad,14:30,17:40,580.0,N/A,,3.0,3,0.0
6623,2026-06-07T11:20:47.005010,2026-06-07,Warangal,Hyderabad,15:00,17:40,380.0,Srinivas,4.0,3.0,3,0.0
6624,2026-06-07T11:20:47.005010,2026-06-07,Warangal,Hyderabad,15:00,17:40,380.0,Ravinder,4.4,3.0,3,0.0
6625,2026-06-07T11:20:47.005010,2026-06-07,Warangal,Hyderabad,15:00,17:40,400.0,Raju,4.2,3.0,3,0.0
6626,2026-06-07T11:20:47.005010,2026-06-07,Warangal,Hyderabad,15:10,18:00,400.0,Raj,4.3,3.0,3,0.0
6627,2026-06-07T11:20:47.005010,2026-06-07,Warangal,Hyderabad,15:10,17:30,540.0,Suresh,0.0,3.0,3,0.0
6628,2026-06-07T11:20:47.005010,2026-06-07,Warangal,Hyderabad,15:20,18:00,310.0,Chandu,2.3,3.0,3,0.0
6629,2026-06-07T11:20:47.005010,2026-06-07,Warangal,Hyderabad,15:20,18:00,400.0,Raju,4.2,3.0,3,0.0
6630,2026-06-07T11:20:47.005010,2026-06-07,Warangal,Hyderabad,15:30,18:10,350.0,Santhosh,3.8,3.0,3,0.0
6631,2026-06-07T11:20:47.005010,2026-06-07,Warangal,Hyderabad,15:30,18:20,400.0,Raj,4.3,3.0,3,0.0
6632,2026-06-07T11:20:47.005010,2026-06-07,Warangal,Hyderabad,15:30,19:00,470.0,Nagaraj,4.7,3.0,3,0.0
6633,2026-06-07T11:20:47.005010,2026-06-07,Warangal,Hyderabad,15:30,17:50,540.0,Suresh,0.0,3.0,3,0.0
6634,2026-06-07T11:20:47.005010,2026-06-07,Warangal,Hyderabad,16:00,18:40,380.0,Ravinder,4.4,3.0,3,0.0
6635,2026-06-07T11:20:47.005010,2026-06-07,Warangal,Hyderabad,16:00,18:40,400.0,Md,0.0,3.0,3,0.0
6636,2026-06-07T11:20:47.005010,2026-06-07,Warangal,Hyderabad,16:00,18:40,400.0,Keerthi,5.0,3.0,3,0.0
6637,2026-06-07T11:20:47.005010,2026-06-07,Warangal,Hyderabad,16:00,18:50,500.0,Chander,0.0,3.0,3,0.0
6638,2026-06-07T11:20:47.005010,2026-06-07,Warangal,Hyderabad,16:00,19:10,510.0,Karnakar,5.0,3.0,3,0.0
6639,2026-06-07T11:20:47.005010,2026-06-07,Warangal,Hyderabad,16:00,19:10,530.0,N/A,,3.0,3,0.0
6725,2026-06-08T10:51:27.053603,2026-06-08,Hyderabad,Kurnool,11:10,14:40,550.0,N/A,,3.0,3,0.0
6726,2026-06-08T10:51:27.053603,2026-06-08,Hyderabad,Kurnool,11:20,14:50,490.0,Vallepu,4.8,3.0,3,0.0
6673,2026-06-08T10:50:32.336237,2026-06-08,Hyderabad,Vijayawada,11:30,16:00,600.0,Raju Garu,0.0,3.0,3,0.0
6674,2026-06-08T10:50:32.336237,2026-06-08,Hyderabad,Vijayawada,11:30,16:40,650.0,Venkatesh,0.0,3.0,3,0.0
6675,2026-06-08T10:50:32.336237,2026-06-08,Hyderabad,Vijayawada,11:30,15:30,770.0,Sri,0.0,3.0,3,0.0
6681,2026-06-08T10:51:02.143838,2026-06-08,Hyderabad,Warangal,11:30,14:00,330.0,N/A,,3.0,3,0.0
6682,2026-06-08T10:51:02.143838,2026-06-08,Hyderabad,Warangal,11:30,14:00,350.0,N/A,,3.0,3,0.0
6683,2026-06-08T10:51:02.143838,2026-06-08,Hyderabad,Warangal,11:30,13:30,430.0,Eshwar,5.0,3.0,3,0.0
6684,2026-06-08T10:51:02.143838,2026-06-08,Hyderabad,Warangal,11:30,14:40,550.0,N/A,,3.0,3,0.0
6685,2026-06-08T10:51:02.143838,2026-06-08,Hyderabad,Warangal,11:30,15:30,550.0,Renuka,4.5,3.0,3,0.0
6727,2026-06-08T10:51:27.053603,2026-06-08,Hyderabad,Kurnool,11:30,15:00,500.0,Bunny,3.0,3.0,3,0.0
6728,2026-06-08T10:51:27.053603,2026-06-08,Hyderabad,Kurnool,11:30,14:00,530.0,N/A,,3.0,3,0.0
6729,2026-06-08T10:51:27.053603,2026-06-08,Hyderabad,Kurnool,11:30,15:20,550.0,Shaik Abdul,5.0,3.0,3,0.0
6686,2026-06-08T10:51:02.143838,2026-06-08,Hyderabad,Warangal,11:40,13:30,330.0,N/A,,3.0,3,0.0
6687,2026-06-08T10:51:02.143838,2026-06-08,Hyderabad,Warangal,11:40,13:30,400.0,N/A,,3.0,3,0.0
6730,2026-06-08T10:51:27.053603,2026-06-08,Hyderabad,Kurnool,11:40,15:10,500.0,N/A,,3.0,3,0.0
6731,2026-06-08T10:51:27.053603,2026-06-08,Hyderabad,Kurnool,11:40,15:10,500.0,Sharagonda,3.5,3.0,3,0.0
6676,2026-06-08T10:50:32.336237,2026-06-08,Hyderabad,Vijayawada,11:50,18:00,650.0,N/A,,3.0,3,0.0
6677,2026-06-08T10:50:32.336237,2026-06-08,Hyderabad,Vijayawada,11:50,16:20,700.0,Instant Booking,,3.0,3,0.0
6678,2026-06-08T10:50:32.336237,2026-06-08,Hyderabad,Vijayawada,11:50,16:20,700.0,Yuvaraj,5.0,3.0,3,0.0
6679,2026-06-08T10:50:32.336237,2026-06-08,Hyderabad,Vijayawada,11:50,16:20,910.0,Ramesh,0.0,3.0,3,0.0
6688,2026-06-08T10:51:02.143838,2026-06-08,Hyderabad,Warangal,11:50,14:50,400.0,N/A,,3.0,3,0.0
6732,2026-06-08T10:51:27.053603,2026-06-08,Hyderabad,Kurnool,11:50,15:20,500.0,N/A,,3.0,3,0.0
6680,2026-06-08T10:50:32.336237,2026-06-08,Hyderabad,Vijayawada,12:00,16:10,590.0,N/A,,3.0,3,0.0
6689,2026-06-08T10:51:02.143838,2026-06-08,Hyderabad,Warangal,12:00,14:00,300.0,N/A,,1.0,3,2.0
6690,2026-06-08T10:51:02.143838,2026-06-08,Hyderabad,Warangal,12:00,14:30,310.0,N/A,,3.0,3,0.0
6691,2026-06-08T10:51:02.143838,2026-06-08,Hyderabad,Warangal,12:00,14:30,330.0,N/A,,3.0,3,0.0
6692,2026-06-08T10:51:02.143838,2026-06-08,Hyderabad,Warangal,12:00,14:30,350.0,N/A,,3.0,3,0.0
6693,2026-06-08T10:51:02.143838,2026-06-08,Hyderabad,Warangal,12:00,14:20,400.0,N/A,,3.0,3,0.0
6695,2026-06-08T10:51:02.143838,2026-06-08,Hyderabad,Warangal,12:00,13:50,420.0,N/A,,3.0,3,0.0
6696,2026-06-08T10:51:02.143838,2026-06-08,Hyderabad,Warangal,12:00,14:00,430.0,Sampath,4.5,3.0,3,0.0
6697,2026-06-08T10:51:02.143838,2026-06-08,Hyderabad,Warangal,12:00,15:00,450.0,N/A,,3.0,3,0.0
6698,2026-06-08T10:51:02.143838,2026-06-08,Hyderabad,Warangal,12:00,14:10,550.0,N/A,,3.0,3,0.0
6733,2026-06-08T10:51:27.053603,2026-06-08,Hyderabad,Kurnool,12:00,15:30,500.0,N/A,,3.0,3,0.0
6734,2026-06-08T10:51:27.053603,2026-06-08,Hyderabad,Kurnool,12:00,15:20,500.0,Akhil,0.0,3.0,3,0.0
6736,2026-06-08T10:51:27.053603,2026-06-08,Hyderabad,Kurnool,12:00,14:30,590.0,N/A,,3.0,3,0.0
6737,2026-06-08T10:51:27.053603,2026-06-08,Hyderabad,Kurnool,12:00,14:30,620.0,N/A,,3.0,3,0.0
6739,2026-06-08T10:51:27.053603,2026-06-08,Hyderabad,Kurnool,12:10,14:40,620.0,N/A,,3.0,3,0.0
6699,2026-06-08T10:51:02.143838,2026-06-08,Hyderabad,Warangal,12:20,16:10,440.0,Aravind,4.0,3.0,3,0.0
6740,2026-06-08T10:51:27.053603,2026-06-08,Hyderabad,Kurnool,12:20,15:50,500.0,Pavan,5.0,3.0,3,0.0
6741,2026-06-08T10:51:27.053603,2026-06-08,Hyderabad,Kurnool,12:20,15:30,640.0,Siva,0.0,3.0,3,0.0
6700,2026-06-08T10:51:02.143838,2026-06-08,Hyderabad,Warangal,12:30,14:50,400.0,N/A,,3.0,3,0.0
6701,2026-06-08T10:51:02.143838,2026-06-08,Hyderabad,Warangal,12:30,14:30,430.0,Sampath,4.5,3.0,3,0.0
6702,2026-06-08T10:51:02.143838,2026-06-08,Hyderabad,Warangal,12:30,15:10,450.0,Nikhil,0.0,3.0,3,0.0
6742,2026-06-08T10:51:27.053603,2026-06-08,Hyderabad,Kurnool,12:30,16:00,500.0,Vikram,4.3,3.0,3,0.0
6743,2026-06-08T10:51:27.053603,2026-06-08,Hyderabad,Kurnool,12:30,15:00,620.0,N/A,,3.0,3,0.0
6703,2026-06-08T10:51:02.143838,2026-06-08,Hyderabad,Warangal,13:00,15:20,400.0,N/A,,3.0,3,0.0
6744,2026-06-08T10:51:27.053603,2026-06-08,Hyderabad,Kurnool,13:00,15:40,480.0,N/A,,3.0,3,0.0
6745,2026-06-08T10:51:27.053603,2026-06-08,Hyderabad,Kurnool,13:00,17:00,500.0,Rajesh,4.6,3.0,3,0.0
6746,2026-06-08T10:51:27.053603,2026-06-08,Hyderabad,Kurnool,13:00,16:20,500.0,Ravikumar,0.0,3.0,3,0.0
6747,2026-06-08T10:51:27.053603,2026-06-08,Hyderabad,Kurnool,13:00,15:40,550.0,N/A,,3.0,3,0.0
6748,2026-06-08T10:51:27.053603,2026-06-08,Hyderabad,Kurnool,13:00,15:30,560.0,N/A,,3.0,3,0.0
6749,2026-06-08T10:51:27.053603,2026-06-08,Hyderabad,Kurnool,13:00,15:50,630.0,N/A,,3.0,3,0.0
6704,2026-06-08T10:51:02.143838,2026-06-08,Hyderabad,Warangal,13:30,15:50,400.0,Devulapally,5.0,3.0,3,0.0
6705,2026-06-08T10:51:02.143838,2026-06-08,Hyderabad,Warangal,13:30,16:10,450.0,Santhosh Pspk,5.0,3.0,3,0.0
6706,2026-06-08T10:51:02.143838,2026-06-08,Hyderabad,Warangal,14:00,16:20,400.0,N/A,,3.0,3,0.0
6708,2026-06-08T10:51:02.143838,2026-06-08,Hyderabad,Warangal,14:00,16:20,450.0,N/A,,3.0,3,0.0
6709,2026-06-08T10:51:02.143838,2026-06-08,Hyderabad,Warangal,14:00,17:20,490.0,N/A,,3.0,3,0.0
6710,2026-06-08T10:51:02.143838,2026-06-08,Hyderabad,Warangal,14:00,16:30,590.0,N/A,,3.0,3,0.0
6750,2026-06-08T10:51:27.053603,2026-06-08,Hyderabad,Kurnool,14:00,17:30,540.0,N/A,,3.0,3,0.0
6751,2026-06-08T10:51:27.053603,2026-06-08,Hyderabad,Kurnool,14:00,16:30,600.0,Konkula,4.8,3.0,3,0.0
6752,2026-06-08T10:51:27.053603,2026-06-08,Hyderabad,Kurnool,14:10,18:00,600.0,Bhumireddy,4.2,3.0,3,0.0
6753,2026-06-08T10:51:27.053603,2026-06-08,Hyderabad,Kurnool,14:10,17:00,650.0,N/A,,3.0,3,0.0
6754,2026-06-08T10:51:27.053603,2026-06-08,Hyderabad,Kurnool,14:10,16:50,660.0,Raj Kumar,4.9,3.0,3,0.0
6755,2026-06-08T10:51:27.053603,2026-06-08,Hyderabad,Kurnool,14:30,17:00,620.0,N/A,,3.0,3,0.0
6756,2026-06-08T10:51:27.053603,2026-06-08,Hyderabad,Kurnool,14:30,17:20,650.0,N/A,,3.0,3,0.0
6757,2026-06-08T10:51:27.053603,2026-06-08,Hyderabad,Kurnool,14:30,17:20,770.0,Mallikarjuna Reddy,4.8,3.0,3,0.0
6711,2026-06-08T10:51:02.143838,2026-06-08,Hyderabad,Warangal,15:00,17:30,340.0,N/A,,3.0,3,0.0
6712,2026-06-08T10:51:02.143838,2026-06-08,Hyderabad,Warangal,15:00,17:50,400.0,N/A,,3.0,3,0.0
6713,2026-06-08T10:51:02.143838,2026-06-08,Hyderabad,Warangal,15:00,18:00,500.0,N/A,,3.0,3,0.0
6715,2026-06-08T10:51:02.143838,2026-06-08,Hyderabad,Warangal,15:00,18:00,590.0,N/A,,3.0,3,0.0
6758,2026-06-08T10:51:27.053603,2026-06-08,Hyderabad,Kurnool,15:00,18:30,480.0,N/A,,3.0,3,0.0
6759,2026-06-08T10:51:27.053603,2026-06-08,Hyderabad,Kurnool,15:00,18:50,600.0,Diwakar Reddy,4.0,3.0,3,0.0
6716,2026-06-08T10:51:02.143838,2026-06-08,Hyderabad,Warangal,15:10,18:20,500.0,N/A,,3.0,3,0.0
6717,2026-06-08T10:51:02.143838,2026-06-08,Hyderabad,Warangal,15:10,18:20,530.0,Akula,4.6,3.0,3,0.0
6718,2026-06-08T10:51:02.143838,2026-06-08,Hyderabad,Warangal,15:20,18:30,500.0,N/A,,3.0,3,0.0
6719,2026-06-08T10:51:02.143838,2026-06-08,Hyderabad,Warangal,15:30,18:00,350.0,N/A,,3.0,3,0.0
6720,2026-06-08T10:51:02.143838,2026-06-08,Hyderabad,Warangal,15:40,18:50,590.0,N/A,,3.0,3,0.0
6721,2026-06-08T10:51:02.143838,2026-06-08,Hyderabad,Warangal,16:00,18:30,340.0,N/A,,3.0,3,0.0
6722,2026-06-08T10:51:02.143838,2026-06-08,Hyderabad,Warangal,16:00,18:10,530.0,N/A,,3.0,3,0.0
6723,2026-06-08T10:51:02.143838,2026-06-08,Hyderabad,Warangal,16:30,18:20,470.0,N/A,,3.0,3,0.0
6724,2026-06-08T10:51:02.143838,2026-06-08,Hyderabad,Warangal,17:00,19:30,350.0,N/A,,3.0,3,0.0
6830,2026-06-08T10:52:47.231235,2026-06-08,Kurnool,Hyderabad,11:10,13:30,510.0,Chinna,0.0,3.0,3,0.0
6831,2026-06-08T10:52:47.231235,2026-06-08,Kurnool,Hyderabad,11:10,14:00,570.0,Aravind,4.5,3.0,3,0.0
6832,2026-06-08T10:52:47.231235,2026-06-08,Kurnool,Hyderabad,11:10,15:00,600.0,Balu,4.1,3.0,3,0.0
6833,2026-06-08T10:52:47.231235,2026-06-08,Kurnool,Hyderabad,11:30,15:00,450.0,N/A,,3.0,3,0.0
6834,2026-06-08T10:52:47.231235,2026-06-08,Kurnool,Hyderabad,11:30,15:10,480.0,Shiva,5.0,3.0,3,0.0
6835,2026-06-08T10:52:47.231235,2026-06-08,Kurnool,Hyderabad,11:30,14:00,500.0,N/A,,3.0,3,0.0
6836,2026-06-08T10:52:47.231235,2026-06-08,Kurnool,Hyderabad,11:50,14:40,640.0,Shayeq,4.9,3.0,3,0.0
6837,2026-06-08T10:52:47.231235,2026-06-08,Kurnool,Hyderabad,12:00,15:20,450.0,N/A,,3.0,3,0.0
6838,2026-06-08T10:52:47.231235,2026-06-08,Kurnool,Hyderabad,12:00,14:50,550.0,Vijay,4.1,3.0,3,0.0
6839,2026-06-08T10:52:47.231235,2026-06-08,Kurnool,Hyderabad,12:00,14:30,620.0,Jayam,3.7,3.0,3,0.0
6840,2026-06-08T10:52:47.231235,2026-06-08,Kurnool,Hyderabad,12:30,16:10,500.0,Naveen,3.5,3.0,3,0.0
6841,2026-06-08T10:52:47.231235,2026-06-08,Kurnool,Hyderabad,12:30,16:10,550.0,Nagarjuna,0.0,3.0,3,0.0
6842,2026-06-08T10:52:47.231235,2026-06-08,Kurnool,Hyderabad,13:00,16:30,500.0,Ganga,3.4,3.0,3,0.0
6843,2026-06-08T10:52:47.231235,2026-06-08,Kurnool,Hyderabad,13:00,16:30,550.0,N/A,,3.0,3,0.0
6844,2026-06-08T10:52:47.231235,2026-06-08,Kurnool,Hyderabad,13:00,16:40,550.0,Shaik,4.7,3.0,3,0.0
6845,2026-06-08T10:52:47.231235,2026-06-08,Kurnool,Hyderabad,13:10,16:40,550.0,Thimma Raju,3.9,3.0,3,0.0
6846,2026-06-08T10:52:47.231235,2026-06-08,Kurnool,Hyderabad,13:30,17:10,550.0,Royal,4.8,3.0,3,0.0
6847,2026-06-08T10:52:47.231235,2026-06-08,Kurnool,Hyderabad,13:40,16:20,540.0,Arjun,4.7,3.0,3,0.0
6848,2026-06-08T10:52:47.231235,2026-06-08,Kurnool,Hyderabad,14:00,17:50,500.0,N/A,,3.0,3,0.0
6850,2026-06-08T10:52:47.231235,2026-06-08,Kurnool,Hyderabad,14:00,17:50,500.0,Kiran,0.0,3.0,3,0.0
6851,2026-06-08T10:52:47.231235,2026-06-08,Kurnool,Hyderabad,14:00,17:40,550.0,Harishvardhan,4.8,3.0,3,0.0
6852,2026-06-08T10:52:47.231235,2026-06-08,Kurnool,Hyderabad,14:00,17:50,600.0,Royal,4.8,3.0,3,0.0
6853,2026-06-08T10:52:47.231235,2026-06-08,Kurnool,Hyderabad,14:10,17:50,550.0,Ajay,4.2,3.0,3,0.0
6854,2026-06-08T10:52:47.231235,2026-06-08,Kurnool,Hyderabad,14:30,18:00,500.0,Harshith,4.8,3.0,3,0.0
6855,2026-06-08T10:52:47.231235,2026-06-08,Kurnool,Hyderabad,15:00,18:30,500.0,Subhan,4.7,3.0,3,0.0
6856,2026-06-08T10:52:47.231235,2026-06-08,Kurnool,Hyderabad,15:00,18:50,550.0,N/A,,3.0,3,0.0
6857,2026-06-08T10:52:47.231235,2026-06-08,Kurnool,Hyderabad,15:10,18:40,500.0,Instant Booking,,3.0,3,0.0
6858,2026-06-08T10:52:47.231235,2026-06-08,Kurnool,Hyderabad,16:00,19:20,500.0,N/A,,3.0,3,0.0
6859,2026-06-08T10:52:47.231235,2026-06-08,Kurnool,Hyderabad,16:00,19:30,600.0,Sree Harsha,4.9,3.0,3,0.0
6860,2026-06-08T10:52:47.231235,2026-06-08,Kurnool,Hyderabad,16:00,18:40,600.0,Sreenivasulu,4.3,3.0,3,0.0
6861,2026-06-08T10:52:47.231235,2026-06-08,Kurnool,Hyderabad,16:30,20:10,600.0,Dulam,4.8,3.0,3,0.0
6862,2026-06-08T10:52:47.231235,2026-06-08,Kurnool,Hyderabad,16:30,19:10,630.0,Rajesh,3.0,3.0,3,0.0
6863,2026-06-08T10:52:47.231235,2026-06-08,Kurnool,Hyderabad,17:20,20:10,650.0,N/A,,3.0,3,0.0
6864,2026-06-08T10:52:47.231235,2026-06-08,Kurnool,Hyderabad,18:00,21:20,500.0,N/A,,3.0,3,0.0
6865,2026-06-08T10:52:47.231235,2026-06-08,Kurnool,Hyderabad,18:20,20:50,620.0,Indrasena,5.0,3.0,3,0.0
6866,2026-06-08T10:52:47.231235,2026-06-08,Kurnool,Hyderabad,18:50,21:20,620.0,Chandra,3.7,3.0,3,0.0
6867,2026-06-08T10:52:47.231235,2026-06-08,Kurnool,Hyderabad,18:50,21:20,620.0,Indrasena,5.0,3.0,3,0.0
6868,2026-06-08T10:52:47.231235,2026-06-08,Kurnool,Hyderabad,19:00,22:10,650.0,Vivek,4.8,3.0,3,0.0
6869,2026-06-08T10:52:47.231235,2026-06-08,Kurnool,Hyderabad,19:00,22:30,690.0,Shafi,4.1,3.0,3,0.0
6870,2026-06-08T10:52:47.231235,2026-06-08,Kurnool,Hyderabad,19:10,22:00,630.0,Sai,4.8,3.0,3,0.0
6871,2026-06-08T10:52:47.231235,2026-06-08,Kurnool,Hyderabad,19:20,22:10,650.0,N/A,,1.0,3,2.0
6872,2026-06-08T10:52:47.231235,2026-06-08,Kurnool,Hyderabad,19:40,22:00,590.0,N/A,,3.0,3,0.0
6873,2026-06-08T10:52:47.231235,2026-06-08,Kurnool,Hyderabad,20:00,23:40,500.0,Lakkoji,4.0,3.0,3,0.0
6874,2026-06-08T10:52:47.231235,2026-06-08,Kurnool,Hyderabad,20:30,23:30,570.0,N/A,,3.0,3,0.0
6875,2026-06-08T10:52:47.231235,2026-06-08,Kurnool,Hyderabad,22:00,01:30,610.0,N/A,,3.0,3,0.0
6760,2026-06-08T10:51:52.357183,2026-06-08,Vijayawada,Hyderabad,11:30,16:00,690.0,Princy,5.0,3.0,3,0.0
6761,2026-06-08T10:51:52.357183,2026-06-08,Vijayawada,Hyderabad,11:30,16:50,750.0,Isaac,4.2,3.0,3,0.0
6762,2026-06-08T10:51:52.357183,2026-06-08,Vijayawada,Hyderabad,12:00,16:30,510.0,Kummarapurugu,4.7,3.0,3,0.0
6763,2026-06-08T10:51:52.357183,2026-06-08,Vijayawada,Hyderabad,12:00,16:30,690.0,Gunukula,3.2,3.0,3,0.0
6764,2026-06-08T10:51:52.357183,2026-06-08,Vijayawada,Hyderabad,12:00,17:10,700.0,Mohan,0.0,3.0,3,0.0
6765,2026-06-08T10:51:52.357183,2026-06-08,Vijayawada,Hyderabad,12:00,16:40,770.0,Ramki,0.0,3.0,3,0.0
6766,2026-06-08T10:51:52.357183,2026-06-08,Vijayawada,Hyderabad,12:10,15:40,700.0,Yadampally,4.2,3.0,3,0.0
6767,2026-06-08T10:51:52.357183,2026-06-08,Vijayawada,Hyderabad,12:30,16:00,700.0,Yadampally,4.2,3.0,3,0.0
6768,2026-06-08T10:51:52.357183,2026-06-08,Vijayawada,Hyderabad,12:30,17:30,760.0,N/A,,3.0,3,0.0
6769,2026-06-08T10:51:52.357183,2026-06-08,Vijayawada,Hyderabad,13:30,18:00,750.0,Mani,4.7,3.0,3,0.0
6770,2026-06-08T10:51:52.357183,2026-06-08,Vijayawada,Hyderabad,14:00,18:10,660.0,Anthati,3.3,3.0,3,0.0
6771,2026-06-08T10:51:52.357183,2026-06-08,Vijayawada,Hyderabad,14:00,20:10,680.0,Mohammed,3.8,3.0,3,0.0
6772,2026-06-08T10:51:52.357183,2026-06-08,Vijayawada,Hyderabad,14:20,19:20,760.0,N/A,,3.0,3,0.0
6773,2026-06-08T10:51:52.357183,2026-06-08,Vijayawada,Hyderabad,14:30,19:20,700.0,N/A,,3.0,3,0.0
6774,2026-06-08T10:51:52.357183,2026-06-08,Vijayawada,Hyderabad,14:30,21:10,900.0,N/A,,3.0,3,0.0
6775,2026-06-08T10:51:52.357183,2026-06-08,Vijayawada,Hyderabad,16:00,21:00,700.0,N/A,,3.0,3,0.0
6776,2026-06-08T10:51:52.357183,2026-06-08,Vijayawada,Hyderabad,17:00,21:40,600.0,N/A,,3.0,3,0.0
6777,2026-06-08T10:51:52.357183,2026-06-08,Vijayawada,Hyderabad,17:00,22:30,800.0,Suresh,5.0,3.0,3,0.0
6778,2026-06-08T10:51:52.357183,2026-06-08,Vijayawada,Hyderabad,17:30,22:10,770.0,Gagan,5.0,3.0,3,0.0
6779,2026-06-08T10:51:52.357183,2026-06-08,Vijayawada,Hyderabad,17:50,21:20,770.0,Sundeep,5.0,3.0,3,0.0
6780,2026-06-08T10:51:52.357183,2026-06-08,Vijayawada,Hyderabad,18:00,23:40,650.0,N/A,,3.0,3,0.0
6781,2026-06-08T10:51:52.357183,2026-06-08,Vijayawada,Hyderabad,18:10,22:10,880.0,Bharath,5.0,3.0,3,0.0
6782,2026-06-08T10:51:52.357183,2026-06-08,Vijayawada,Hyderabad,19:00,00:10,600.0,Srinivas,4.9,3.0,3,0.0
6783,2026-06-08T10:51:52.357183,2026-06-08,Vijayawada,Hyderabad,20:00,23:40,500.0,Siddartha,5.0,3.0,3,0.0
6784,2026-06-08T10:51:52.357183,2026-06-08,Vijayawada,Hyderabad,22:20,02:00,720.0,Govindaraj,0.0,3.0,3,0.0
6785,2026-06-08T10:51:52.357183,2026-06-08,Vijayawada,Hyderabad,22:50,02:40,870.0,Mani,5.0,3.0,3,0.0
6786,2026-06-08T10:51:52.357183,2026-06-08,Vijayawada,Hyderabad,23:00,04:10,700.0,Kilari,4.5,3.0,3,0.0
6787,2026-06-08T10:51:52.357183,2026-06-08,Vijayawada,Hyderabad,23:00,03:20,800.0,N/A,,3.0,3,0.0
6788,2026-06-08T10:51:52.357183,2026-06-08,Vijayawada,Hyderabad,23:10,03:00,800.0,Mani,5.0,3.0,3,0.0
6789,2026-06-08T10:52:19.429713,2026-06-08,Warangal,Hyderabad,11:20,14:50,550.0,Harikrishna,3.4,3.0,3,0.0
6790,2026-06-08T10:52:19.429713,2026-06-08,Warangal,Hyderabad,11:30,14:10,350.0,Kumar,4.6,3.0,3,0.0
6791,2026-06-08T10:52:19.429713,2026-06-08,Warangal,Hyderabad,11:30,14:10,350.0,Krishna,4.7,3.0,3,0.0
6792,2026-06-08T10:52:19.429713,2026-06-08,Warangal,Hyderabad,12:00,14:40,350.0,Krishna,4.7,3.0,3,0.0
6793,2026-06-08T10:52:19.429713,2026-06-08,Warangal,Hyderabad,12:10,14:50,340.0,Suruguri,3.1,3.0,3,0.0
6794,2026-06-08T10:52:19.429713,2026-06-08,Warangal,Hyderabad,12:10,15:10,540.0,N/A,,3.0,3,0.0
6795,2026-06-08T10:52:19.429713,2026-06-08,Warangal,Hyderabad,12:30,15:10,380.0,Guru,4.9,3.0,3,0.0
6796,2026-06-08T10:52:19.429713,2026-06-08,Warangal,Hyderabad,13:00,14:40,300.0,N/A,,3.0,3,0.0
6797,2026-06-08T10:52:19.429713,2026-06-08,Warangal,Hyderabad,13:30,16:30,460.0,Sree,5.0,3.0,3,0.0
6798,2026-06-08T10:52:19.429713,2026-06-08,Warangal,Hyderabad,14:00,17:20,500.0,Likhith,4.8,3.0,3,0.0
6799,2026-06-08T10:52:19.429713,2026-06-08,Warangal,Hyderabad,14:00,17:20,550.0,Sreeni,4.6,3.0,3,0.0
6800,2026-06-08T10:52:19.429713,2026-06-08,Warangal,Hyderabad,14:20,17:00,360.0,Instant Booking,,3.0,3,0.0
6801,2026-06-08T10:52:19.429713,2026-06-08,Warangal,Hyderabad,14:30,16:40,300.0,N/A,,3.0,3,0.0
6802,2026-06-08T10:52:19.429713,2026-06-08,Warangal,Hyderabad,14:30,17:10,350.0,Tharun,0.0,3.0,3,0.0
6803,2026-06-08T10:52:19.429713,2026-06-08,Warangal,Hyderabad,15:00,17:10,350.0,Sharath,4.0,3.0,3,0.0
6804,2026-06-08T10:52:19.429713,2026-06-08,Warangal,Hyderabad,15:00,18:10,430.0,Suryansh,5.0,3.0,3,0.0
6805,2026-06-08T10:52:19.429713,2026-06-08,Warangal,Hyderabad,15:30,18:10,450.0,Rayapuram,5.0,3.0,3,0.0
6806,2026-06-08T10:52:19.429713,2026-06-08,Warangal,Hyderabad,15:30,19:00,470.0,Nagaraj,4.6,3.0,3,0.0
6807,2026-06-08T10:52:19.429713,2026-06-08,Warangal,Hyderabad,15:30,18:50,500.0,N/A,,3.0,3,0.0
6808,2026-06-08T10:52:19.429713,2026-06-08,Warangal,Hyderabad,15:30,17:50,540.0,Tharun,2.3,3.0,3,0.0
6809,2026-06-08T10:52:19.429713,2026-06-08,Warangal,Hyderabad,15:30,17:50,540.0,Kapil Raj,3.7,3.0,3,0.0
6810,2026-06-08T10:52:19.429713,2026-06-08,Warangal,Hyderabad,15:50,18:00,480.0,N/A,,3.0,3,0.0
6811,2026-06-08T10:52:19.429713,2026-06-08,Warangal,Hyderabad,16:00,18:40,350.0,Ravi Teja,4.5,3.0,3,0.0
6812,2026-06-08T10:52:19.429713,2026-06-08,Warangal,Hyderabad,16:00,18:30,350.0,Ashish,4.0,3.0,3,0.0
6813,2026-06-08T10:52:19.429713,2026-06-08,Warangal,Hyderabad,16:00,19:10,450.0,N/A,,3.0,3,0.0
6814,2026-06-08T10:52:19.429713,2026-06-08,Warangal,Hyderabad,16:30,19:10,350.0,Santhosh,3.7,3.0,3,0.0
6815,2026-06-08T10:52:19.429713,2026-06-08,Warangal,Hyderabad,16:30,18:50,440.0,Vijay,0.0,3.0,3,0.0
6816,2026-06-08T10:52:19.429713,2026-06-08,Warangal,Hyderabad,16:30,18:50,490.0,N/A,,3.0,3,0.0
6817,2026-06-08T10:52:19.429713,2026-06-08,Warangal,Hyderabad,16:30,19:40,520.0,N/A,,3.0,3,0.0
6818,2026-06-08T10:52:19.429713,2026-06-08,Warangal,Hyderabad,16:40,19:10,490.0,N/A,,3.0,3,0.0
6819,2026-06-08T10:52:19.429713,2026-06-08,Warangal,Hyderabad,17:10,19:50,400.0,Javeed,0.0,3.0,3,0.0
6820,2026-06-08T10:52:19.429713,2026-06-08,Warangal,Hyderabad,17:20,20:30,550.0,N/A,,3.0,3,0.0
6821,2026-06-08T10:52:19.429713,2026-06-08,Warangal,Hyderabad,17:30,20:00,340.0,Rahul,5.0,3.0,3,0.0
6822,2026-06-08T10:52:19.429713,2026-06-08,Warangal,Hyderabad,17:40,19:10,360.0,Nagesh,0.0,3.0,3,0.0
6823,2026-06-08T10:52:19.429713,2026-06-08,Warangal,Hyderabad,18:00,19:30,300.0,N/A,,3.0,3,0.0
6824,2026-06-08T10:52:19.429713,2026-06-08,Warangal,Hyderabad,18:00,21:00,360.0,Krishnaprasad,0.0,3.0,3,0.0
6825,2026-06-08T10:52:19.429713,2026-06-08,Warangal,Hyderabad,18:00,21:10,510.0,Vasam,4.6,3.0,3,0.0
6826,2026-06-08T10:52:19.429713,2026-06-08,Warangal,Hyderabad,18:30,22:00,510.0,Veman,4.9,3.0,3,0.0
6827,2026-06-08T10:52:19.429713,2026-06-08,Warangal,Hyderabad,19:00,21:40,400.0,Lokesh,3.5,3.0,3,0.0
6828,2026-06-08T10:52:19.429713,2026-06-08,Warangal,Hyderabad,20:30,23:50,370.0,Pavan,0.0,3.0,3,0.0
6829,2026-06-08T10:52:19.429713,2026-06-08,Warangal,Hyderabad,21:00,00:10,480.0,Aravind,4.3,3.0,3,0.0
